append   Lamb          MicroBenches    0  1  10000000    mean:    3140.6  [  3103.9,    3177.3]
append   Lamb          MicroBenches    0  1  1000000     mean:     353.2  [   347.4,     359.1]
append   Lamb          MicroBenches    0  1  11000000    mean:    3294.2  [  3284.8,    3303.6]
append   Lamb          MicroBenches    0  1  12000000    mean:    4301.1  [  4256.6,    4345.5]
append   Lamb          MicroBenches    0  1  13000000    mean:    3712.2  [  3696.2,    3728.2]
append   Lamb          MicroBenches    0  1  14000000    mean:    3972.2  [  3947.1,    3997.4]
append   Lamb          MicroBenches    0  1  15000000    mean:    4207.1  [  4202.4,    4211.7]
append   Lamb          MicroBenches    0  1  16000000    mean:    5167.1  [  5092.5,    5241.7]
append   Lamb          MicroBenches    0  1  17000000    mean:    5424.3  [  5379.5,    5469.1]
append   Lamb          MicroBenches    0  1  18000000    mean:    5500.3  [  5469.4,    5531.3]
append   Lamb          MicroBenches    0  1  19000000    mean:    5728.8  [  5714.7,    5742.8]
append   Lamb          MicroBenches    0  1  20000000    mean:    7445.7  [  7388.9,    7502.4]
append   Lamb          MicroBenches    0  1  2000000     mean:     775.2  [   768.4,     782.1]
append   Lamb          MicroBenches    0  1  3000000     mean:     871.7  [   860.8,     882.5]
append   Lamb          MicroBenches    0  1  4000000     mean:    1386.5  [  1370.1,    1402.8]
append   Lamb          MicroBenches    0  1  5000000     mean:    1898.1  [  1886.9,    1909.3]
append   Lamb          MicroBenches    0  1  6000000     mean:    1726.9  [  1710.1,    1743.7]
append   Lamb          MicroBenches    0  1  7000000     mean:    2421.4  [  2404.7,    2438.0]
append   Lamb          MicroBenches    0  1  8000000     mean:    2733.0  [  2724.5,    2741.4]
append   Lamb          MicroBenches    0  1  9000000     mean:    3396.2  [  3371.0,    3421.4]
append   LambUncached  MicroBenches    0  1  10000000    mean:    3125.0  [  3113.4,    3136.6]
append   LambUncached  MicroBenches    0  1  1000000     mean:     358.4  [   353.4,     363.4]
append   LambUncached  MicroBenches    0  1  11000000    mean:    3935.4  [  3911.1,    3959.8]
append   LambUncached  MicroBenches    0  1  12000000    mean:    4301.1  [  4265.0,    4337.2]
append   LambUncached  MicroBenches    0  1  13000000    mean:    3713.4  [  3695.4,    3731.5]
append   LambUncached  MicroBenches    0  1  14000000    mean:    4006.3  [  3953.1,    4059.4]
append   LambUncached  MicroBenches    0  1  15000000    mean:    4253.9  [  4185.8,    4321.9]
append   LambUncached  MicroBenches    0  1  16000000    mean:    5133.1  [  5101.1,    5165.2]
append   LambUncached  MicroBenches    0  1  17000000    mean:    5406.3  [  5385.0,    5427.6]
append   LambUncached  MicroBenches    0  1  18000000    mean:    5485.5  [  5461.1,    5510.0]
append   LambUncached  MicroBenches    0  1  19000000    mean:    5707.2  [  5698.5,    5715.8]
append   LambUncached  MicroBenches    0  1  20000000    mean:    7523.3  [  7390.1,    7656.4]
append   LambUncached  MicroBenches    0  1  2000000     mean:     877.3  [   861.4,     893.1]
append   LambUncached  MicroBenches    0  1  3000000     mean:     856.9  [   853.8,     859.9]
append   LambUncached  MicroBenches    0  1  4000000     mean:    1371.7  [  1367.0,    1376.4]
append   LambUncached  MicroBenches    0  1  5000000     mean:    1900.9  [  1887.8,    1914.0]
append   LambUncached  MicroBenches    0  1  6000000     mean:    1730.9  [  1712.8,    1749.1]
append   LambUncached  MicroBenches    0  1  7000000     mean:    2417.0  [  2407.5,    2426.4]
append   LambUncached  MicroBenches    0  1  8000000     mean:    2749.4  [  2720.0,    2778.7]
append   LambUncached  MicroBenches    0  1  9000000     mean:    2885.4  [  2853.1,    2917.7]
append   MLton         MicroBenches    0  1  10000000    mean:    1544.7  [  1542.2,    1547.1]
append   MLton         MicroBenches    0  1  1000000     mean:     200.2  [   199.0,     201.4]
append   MLton         MicroBenches    0  1  11000000    mean:    1700.9  [  1697.6,    1704.1]
append   MLton         MicroBenches    0  1  12000000    mean:    1862.0  [  1847.6,    1876.4]
append   MLton         MicroBenches    0  1  13000000    mean:    2008.9  [  1994.5,    2023.2]
append   MLton         MicroBenches    0  1  14000000    mean:    2438.9  [  2429.2,    2448.6]
append   MLton         MicroBenches    0  1  15000000    mean:    2632.7  [  2616.9,    2648.5]
append   MLton         MicroBenches    0  1  16000000    mean:    2826.6  [  2819.6,    2833.6]
append   MLton         MicroBenches    0  1  17000000    mean:    1138.6  [  1137.0,    1140.2]
append   MLton         MicroBenches    0  1  18000000    mean:    1169.3  [  1167.7,    1171.0]
append   MLton         MicroBenches    0  1  19000000    mean:    1203.6  [  1201.7,    1205.6]
append   MLton         MicroBenches    0  1  20000000    mean:    1234.8  [  1233.5,    1236.1]
append   MLton         MicroBenches    0  1  2000000     mean:     436.4  [   434.4,     438.3]
append   MLton         MicroBenches    0  1  3000000     mean:     171.7  [   170.8,     172.7]
append   MLton         MicroBenches    0  1  4000000     mean:     251.0  [   250.2,     251.9]
append   MLton         MicroBenches    0  1  5000000     mean:     288.5  [   288.0,     289.0]
append   MLton         MicroBenches    0  1  6000000     mean:     325.7  [   324.8,     326.7]
append   MLton         MicroBenches    0  1  7000000     mean:    1271.4  [  1268.2,    1274.6]
append   MLton         MicroBenches    0  1  8000000     mean:    1328.7  [  1322.9,    1334.6]
append   MLton         MicroBenches    0  1  9000000     mean:    1383.8  [  1379.7,    1387.9]
append   OCaml         MicroBenches    0  1  10000000    mean:    7503.8  [  7496.8,    7510.8]
append   OCaml         MicroBenches    0  1  1000000     mean:     250.3  [   248.4,     252.1]
append   OCaml         MicroBenches    0  1  11000000    mean:    9126.3  [  9118.7,    9134.0]
append   OCaml         MicroBenches    0  1  12000000    mean:   10608.8  [ 10603.4,   10614.3]
append   OCaml         MicroBenches    0  1  13000000    mean:   11695.7  [ 11685.3,   11706.0]
append   OCaml         MicroBenches    0  1  14000000    mean:   13441.7  [ 13434.5,   13448.9]
append   OCaml         MicroBenches    0  1  15000000    mean:   15635.4  [ 15625.1,   15645.8]
append   OCaml         MicroBenches    0  1  16000000    mean:   17527.1  [ 17514.0,   17540.1]
append   OCaml         MicroBenches    0  1  17000000    mean:   19519.9  [ 19513.3,   19526.5]
append   OCaml         MicroBenches    0  1  18000000    mean:   21130.5  [ 21120.8,   21140.2]
append   OCaml         MicroBenches    0  1  19000000    mean:   23435.6  [ 23427.5,   23443.6]
append   OCaml         MicroBenches    0  1  20000000    mean:   25865.0  [ 25860.7,   25869.3]
append   OCaml         MicroBenches    0  1  2000000     mean:     595.2  [   593.3,     597.0]
append   OCaml         MicroBenches    0  1  3000000     mean:    1057.6  [  1056.4,    1058.9]
append   OCaml         MicroBenches    0  1  4000000     mean:    1606.7  [  1605.6,    1607.8]
append   OCaml         MicroBenches    0  1  5000000     mean:    2375.5  [  2369.1,    2381.9]
append   OCaml         MicroBenches    0  1  6000000     mean:    3065.2  [  3062.2,    3068.2]
append   OCaml         MicroBenches    0  1  7000000     mean:    4203.9  [  4200.1,    4207.7]
append   OCaml         MicroBenches    0  1  8000000     mean:    5230.8  [  5228.1,    5233.5]
append   OCaml         MicroBenches    0  1  9000000     mean:    6187.0  [  6181.7,    6192.3]
append   Pycket        MicroBenches    0  1  10000000    mean:    5525.1  [  5489.0,    5561.2]
append   Pycket        MicroBenches    0  1  1000000     mean:     408.7  [   407.7,     409.7]
append   Pycket        MicroBenches    0  1  11000000    mean:    5916.3  [  5887.7,    5944.9]
append   Pycket        MicroBenches    0  1  12000000    mean:    6362.9  [  6322.5,    6403.3]
append   Pycket        MicroBenches    0  1  13000000    mean:    6841.4  [  6786.8,    6896.0]
append   Pycket        MicroBenches    0  1  14000000    mean:    7182.8  [  7129.1,    7236.5]
append   Pycket        MicroBenches    0  1  15000000    mean:    7565.0  [  7518.5,    7611.5]
append   Pycket        MicroBenches    0  1  16000000    mean:    7945.9  [  7885.1,    8006.7]
append   Pycket        MicroBenches    0  1  17000000    mean:    8307.0  [  8249.0,    8365.0]
append   Pycket        MicroBenches    0  1  18000000    mean:    8827.3  [  8777.8,    8876.8]
append   Pycket        MicroBenches    0  1  19000000    mean:   12494.0  [ 12356.8,   12631.2]
append   Pycket        MicroBenches    0  1  20000000    mean:   14615.1  [ 14486.9,   14743.3]
append   Pycket        MicroBenches    0  1  2000000     mean:     479.8  [   475.4,     484.2]
append   Pycket        MicroBenches    0  1  3000000     mean:    2107.5  [  2088.2,    2126.8]
append   Pycket        MicroBenches    0  1  4000000     mean:    1802.7  [  1789.8,    1815.6]
append   Pycket        MicroBenches    0  1  5000000     mean:    1301.7  [  1293.7,    1309.7]
append   Pycket        MicroBenches    0  1  6000000     mean:    2985.9  [  2959.8,    3012.0]
append   Pycket        MicroBenches    0  1  7000000     mean:    3518.8  [  3501.4,    3536.2]
append   Pycket        MicroBenches    0  1  8000000     mean:    5356.6  [  5318.3,    5394.9]
append   Pycket        MicroBenches    0  1  9000000     mean:    5708.9  [  5667.1,    5750.7]
append   Racket        MicroBenches    0  1  10000000    mean:    5428.2  [  5404.2,    5452.2]
append   Racket        MicroBenches    0  1  1000000     mean:     411.9  [   408.2,     415.6]
append   Racket        MicroBenches    0  1  11000000    mean:    6009.4  [  5971.5,    6047.3]
append   Racket        MicroBenches    0  1  12000000    mean:    6390.3  [  6341.5,    6439.1]
append   Racket        MicroBenches    0  1  13000000    mean:    6814.0  [  6760.0,    6868.0]
append   Racket        MicroBenches    0  1  14000000    mean:    7158.4  [  7083.1,    7233.7]
append   Racket        MicroBenches    0  1  15000000    mean:    7627.1  [  7537.7,    7716.5]
append   Racket        MicroBenches    0  1  16000000    mean:    7940.0  [  7891.2,    7988.8]
append   Racket        MicroBenches    0  1  17000000    mean:    8253.0  [  8201.4,    8304.6]
append   Racket        MicroBenches    0  1  18000000    mean:    8824.4  [  8741.2,    8907.6]
append   Racket        MicroBenches    0  1  19000000    mean:   12363.6  [ 12281.6,   12445.6]
append   Racket        MicroBenches    0  1  20000000    mean:   14595.6  [ 14430.0,   14761.2]
append   Racket        MicroBenches    0  1  2000000     mean:     476.2  [   474.9,     477.5]
append   Racket        MicroBenches    0  1  3000000     mean:    2118.5  [  2095.3,    2141.7]
append   Racket        MicroBenches    0  1  4000000     mean:    1783.9  [  1774.5,    1793.3]
append   Racket        MicroBenches    0  1  5000000     mean:    1299.2  [  1292.9,    1305.5]
append   Racket        MicroBenches    0  1  6000000     mean:    2969.9  [  2955.1,    2984.7]
append   Racket        MicroBenches    0  1  7000000     mean:    3516.2  [  3485.1,    3547.3]
append   Racket        MicroBenches    0  1  8000000     mean:    5336.0  [  5282.1,    5389.9]
append   Racket        MicroBenches    0  1  9000000     mean:    5735.3  [  5696.9,    5773.7]
append   SMLNJ         MicroBenches    0  1  10000000    mean:  146104.3  [145864.4,  146344.2]
append   SMLNJ         MicroBenches    0  1  1000000     mean:    1056.5  [  1041.7,    1071.2]
append   SMLNJ         MicroBenches    0  1  11000000    mean:  179096.0  [178564.9,  179627.1]
append   SMLNJ         MicroBenches    0  1  12000000    mean:  220558.2  [220070.2,  221046.2]
append   SMLNJ         MicroBenches    0  1  13000000    mean:  264326.9  [263272.7,  265381.1]
append   SMLNJ         MicroBenches    0  1  14000000    mean:  306967.2  [306502.5,  307431.9]
append   SMLNJ         MicroBenches    0  1  15000000    mean:  358912.8  [358100.4,  359725.3]
append   SMLNJ         MicroBenches    0  1  16000000    mean:  408837.6  [407552.0,  410123.1]
append   SMLNJ         MicroBenches    0  1  17000000    mean:  466548.8  [465709.4,  467388.1]
append   SMLNJ         MicroBenches    0  1  18000000    mean:  534915.0  [525775.0,  544055.1]
append   SMLNJ         MicroBenches    0  1  19000000    mean:  594031.5  [592938.7,  595124.4]
append   SMLNJ         MicroBenches    0  1  20000000    mean:  665557.2  [663555.3,  667559.1]
append   SMLNJ         MicroBenches    0  1  2000000     mean:    2052.9  [  2030.3,    2075.6]
append   SMLNJ         MicroBenches    0  1  3000000     mean:    4107.9  [  4062.6,    4153.1]
append   SMLNJ         MicroBenches    0  1  4000000     mean:    5206.7  [  5064.6,    5348.8]
append   SMLNJ         MicroBenches    0  1  5000000     mean:   14894.1  [ 14799.7,   14988.6]
append   SMLNJ         MicroBenches    0  1  6000000     mean:   31769.2  [ 31615.4,   31923.0]
append   SMLNJ         MicroBenches    0  1  7000000     mean:   54516.6  [ 54321.5,   54711.7]
append   SMLNJ         MicroBenches    0  1  8000000     mean:   83914.0  [ 83786.7,   84041.4]
append   SMLNJ         MicroBenches    0  1  9000000     mean:  114450.8  [114097.1,  114804.4]
filter   Lamb          MicroBenches    0  1  10000000    mean:    1058.1  [  1051.4,    1064.7]
filter   Lamb          MicroBenches    0  1  1000000     mean:     104.8  [   102.0,     107.6]
filter   Lamb          MicroBenches    0  1  11000000    mean:    1123.7  [  1112.6,    1134.8]
filter   Lamb          MicroBenches    0  1  12000000    mean:    1430.5  [  1420.6,    1440.3]
filter   Lamb          MicroBenches    0  1  13000000    mean:    1379.3  [  1371.7,    1386.8]
filter   Lamb          MicroBenches    0  1  14000000    mean:    1497.7  [  1486.1,    1509.3]
filter   Lamb          MicroBenches    0  1  15000000    mean:    1578.1  [  1564.4,    1591.8]
filter   Lamb          MicroBenches    0  1  16000000    mean:    1712.9  [  1702.4,    1723.4]
filter   Lamb          MicroBenches    0  1  17000000    mean:    2123.3  [  2117.5,    2129.2]
filter   Lamb          MicroBenches    0  1  18000000    mean:    2236.1  [  2227.0,    2245.3]
filter   Lamb          MicroBenches    0  1  19000000    mean:    2374.9  [  2312.1,    2437.8]
filter   Lamb          MicroBenches    0  1  20000000    mean:    2441.0  [  2391.2,    2490.7]
filter   Lamb          MicroBenches    0  1  2000000     mean:     203.6  [   199.9,     207.3]
filter   Lamb          MicroBenches    0  1  3000000     mean:     282.4  [   280.1,     284.7]
filter   Lamb          MicroBenches    0  1  4000000     mean:     290.8  [   287.7,     294.0]
filter   Lamb          MicroBenches    0  1  5000000     mean:     453.2  [   450.7,     455.8]
filter   Lamb          MicroBenches    0  1  6000000     mean:     502.8  [   497.9,     507.8]
filter   Lamb          MicroBenches    0  1  7000000     mean:     636.4  [   632.9,     639.9]
filter   Lamb          MicroBenches    0  1  8000000     mean:     697.6  [   693.0,     702.3]
filter   Lamb          MicroBenches    0  1  9000000     mean:     970.9  [   959.9,     981.8]
filter   LambUncached  MicroBenches    0  1  10000000    mean:    1080.1  [  1063.0,    1097.1]
filter   LambUncached  MicroBenches    0  1  1000000     mean:     112.4  [   107.9,     116.9]
filter   LambUncached  MicroBenches    0  1  11000000    mean:    1138.1  [  1124.4,    1151.8]
filter   LambUncached  MicroBenches    0  1  12000000    mean:    1435.3  [  1430.0,    1440.5]
filter   LambUncached  MicroBenches    0  1  13000000    mean:    1378.1  [  1371.5,    1384.6]
filter   LambUncached  MicroBenches    0  1  14000000    mean:    1524.5  [  1476.1,    1572.9]
filter   LambUncached  MicroBenches    0  1  15000000    mean:    1578.5  [  1570.8,    1586.2]
filter   LambUncached  MicroBenches    0  1  16000000    mean:    1713.3  [  1701.4,    1725.2]
filter   LambUncached  MicroBenches    0  1  17000000    mean:    2132.1  [  2121.5,    2142.8]
filter   LambUncached  MicroBenches    0  1  18000000    mean:    2256.5  [  2205.7,    2307.4]
filter   LambUncached  MicroBenches    0  1  19000000    mean:    2351.7  [  2335.7,    2367.8]
filter   LambUncached  MicroBenches    0  1  20000000    mean:    2434.6  [  2419.1,    2450.0]
filter   LambUncached  MicroBenches    0  1  2000000     mean:     209.2  [   206.6,     211.8]
filter   LambUncached  MicroBenches    0  1  3000000     mean:     292.0  [   288.4,     295.6]
filter   LambUncached  MicroBenches    0  1  4000000     mean:     298.0  [   295.4,     300.7]
filter   LambUncached  MicroBenches    0  1  5000000     mean:     458.0  [   453.7,     462.3]
filter   LambUncached  MicroBenches    0  1  6000000     mean:     514.4  [   506.5,     522.3]
filter   LambUncached  MicroBenches    0  1  7000000     mean:     650.0  [   636.7,     663.4]
filter   LambUncached  MicroBenches    0  1  8000000     mean:     700.8  [   695.1,     706.5]
filter   LambUncached  MicroBenches    0  1  9000000     mean:     977.7  [   970.4,     984.9]
filter   MLton         MicroBenches    0  1  10000000    mean:    1029.3  [  1026.5,    1032.1]
filter   MLton         MicroBenches    0  1  1000000     mean:      63.2  [    62.9,      63.6]
filter   MLton         MicroBenches    0  1  11000000    mean:    1061.3  [  1059.2,    1063.4]
filter   MLton         MicroBenches    0  1  12000000    mean:    1095.4  [  1092.1,    1098.7]
filter   MLton         MicroBenches    0  1  13000000    mean:    1131.9  [  1129.0,    1134.9]
filter   MLton         MicroBenches    0  1  14000000    mean:    1675.9  [  1673.0,    1678.7]
filter   MLton         MicroBenches    0  1  15000000    mean:    1772.7  [  1770.1,    1775.3]
filter   MLton         MicroBenches    0  1  16000000    mean:    1880.0  [  1876.0,    1884.0]
filter   MLton         MicroBenches    0  1  17000000    mean:    1994.1  [  1991.6,    1996.7]
filter   MLton         MicroBenches    0  1  18000000    mean:    2204.5  [  2200.8,    2208.2]
filter   MLton         MicroBenches    0  1  19000000    mean:    2306.1  [  2298.2,    2314.0]
filter   MLton         MicroBenches    0  1  20000000    mean:    2467.9  [  2465.7,    2470.0]
filter   MLton         MicroBenches    0  1  2000000     mean:     277.6  [   275.4,     279.8]
filter   MLton         MicroBenches    0  1  3000000     mean:     168.2  [   167.5,     168.8]
filter   MLton         MicroBenches    0  1  4000000     mean:     252.2  [   251.1,     253.3]
filter   MLton         MicroBenches    0  1  5000000     mean:     294.0  [   293.4,     294.6]
filter   MLton         MicroBenches    0  1  6000000     mean:     325.3  [   322.5,     328.1]
filter   MLton         MicroBenches    0  1  7000000     mean:     465.0  [   463.7,     466.4]
filter   MLton         MicroBenches    0  1  8000000     mean:     498.8  [   497.6,     500.0]
filter   MLton         MicroBenches    0  1  9000000     mean:     998.1  [   995.9,    1000.2]
filter   OCaml         MicroBenches    0  1  10000000    mean:    3165.7  [  3161.6,    3169.8]
filter   OCaml         MicroBenches    0  1  1000000     mean:     152.5  [   151.8,     153.2]
filter   OCaml         MicroBenches    0  1  11000000    mean:    3631.0  [  3625.0,    3636.9]
filter   OCaml         MicroBenches    0  1  12000000    mean:    3774.9  [  3768.5,    3781.2]
filter   OCaml         MicroBenches    0  1  13000000    mean:    4337.4  [  4329.5,    4345.2]
filter   OCaml         MicroBenches    0  1  14000000    mean:    5422.2  [  5409.4,    5435.0]
filter   OCaml         MicroBenches    0  1  15000000    mean:    6033.4  [  6023.7,    6043.2]
filter   OCaml         MicroBenches    0  1  16000000    mean:    6683.8  [  6629.3,    6738.4]
filter   OCaml         MicroBenches    0  1  17000000    mean:    6919.4  [  6914.3,    6924.6]
filter   OCaml         MicroBenches    0  1  18000000    mean:    7657.3  [  7651.3,    7663.2]
filter   OCaml         MicroBenches    0  1  19000000    mean:    8322.4  [  8312.6,    8332.2]
filter   OCaml         MicroBenches    0  1  20000000    mean:    9998.5  [  9959.8,   10037.2]
filter   OCaml         MicroBenches    0  1  2000000     mean:     277.6  [   274.5,     280.6]
filter   OCaml         MicroBenches    0  1  3000000     mean:     455.8  [   451.4,     460.2]
filter   OCaml         MicroBenches    0  1  4000000     mean:     700.0  [   696.0,     704.0]
filter   OCaml         MicroBenches    0  1  5000000     mean:    1097.0  [  1094.4,    1099.6]
filter   OCaml         MicroBenches    0  1  6000000     mean:    1255.6  [  1252.4,    1258.8]
filter   OCaml         MicroBenches    0  1  7000000     mean:    1811.5  [  1805.2,    1817.9]
filter   OCaml         MicroBenches    0  1  8000000     mean:    1974.4  [  1971.8,    1977.1]
filter   OCaml         MicroBenches    0  1  9000000     mean:    2389.4  [  2382.7,    2396.1]
filter   Pycket        MicroBenches    0  1  10000000    mean:    4383.7  [  4371.2,    4396.2]
filter   Pycket        MicroBenches    0  1  1000000     mean:     271.6  [   269.9,     273.3]
filter   Pycket        MicroBenches    0  1  11000000    mean:    4727.7  [  4704.7,    4750.7]
filter   Pycket        MicroBenches    0  1  12000000    mean:    5053.2  [  5031.6,    5074.8]
filter   Pycket        MicroBenches    0  1  13000000    mean:    5495.1  [  5472.5,    5517.7]
filter   Pycket        MicroBenches    0  1  14000000    mean:    5928.2  [  5906.3,    5950.1]
filter   Pycket        MicroBenches    0  1  15000000    mean:    8423.2  [  8371.5,    8474.9]
filter   Pycket        MicroBenches    0  1  16000000    mean:    8726.0  [  8693.6,    8758.4]
filter   Pycket        MicroBenches    0  1  17000000    mean:    9274.8  [  9238.7,    9310.9]
filter   Pycket        MicroBenches    0  1  18000000    mean:    9566.0  [  9528.4,    9603.6]
filter   Pycket        MicroBenches    0  1  19000000    mean:    8522.6  [  8487.2,    8558.0]
filter   Pycket        MicroBenches    0  1  20000000    mean:    8855.4  [  8826.0,    8884.8]
filter   Pycket        MicroBenches    0  1  2000000     mean:     729.9  [   726.8,     733.0]
filter   Pycket        MicroBenches    0  1  3000000     mean:    1305.7  [  1293.8,    1317.6]
filter   Pycket        MicroBenches    0  1  4000000     mean:    1688.1  [  1674.0,    1702.2]
filter   Pycket        MicroBenches    0  1  5000000     mean:    2147.0  [  2124.3,    2169.7]
filter   Pycket        MicroBenches    0  1  6000000     mean:    2436.0  [  2430.0,    2442.0]
filter   Pycket        MicroBenches    0  1  7000000     mean:    3864.5  [  3829.4,    3899.6]
filter   Pycket        MicroBenches    0  1  8000000     mean:    3601.8  [  3587.3,    3616.3]
filter   Pycket        MicroBenches    0  1  9000000     mean:    4049.0  [  4038.5,    4059.5]
filter   Racket        MicroBenches    0  1  10000000    mean:    4392.7  [  4367.7,    4417.7]
filter   Racket        MicroBenches    0  1  1000000     mean:     271.6  [   269.8,     273.4]
filter   Racket        MicroBenches    0  1  11000000    mean:    4734.7  [  4714.3,    4755.1]
filter   Racket        MicroBenches    0  1  12000000    mean:    5052.2  [  5037.8,    5066.6]
filter   Racket        MicroBenches    0  1  13000000    mean:    5474.0  [  5458.9,    5489.1]
filter   Racket        MicroBenches    0  1  14000000    mean:    5947.0  [  5935.5,    5958.5]
filter   Racket        MicroBenches    0  1  15000000    mean:    8417.8  [  8382.1,    8453.5]
filter   Racket        MicroBenches    0  1  16000000    mean:    8691.9  [  8645.8,    8738.0]
filter   Racket        MicroBenches    0  1  17000000    mean:    9266.5  [  9228.2,    9304.8]
filter   Racket        MicroBenches    0  1  18000000    mean:    9563.3  [  9530.5,    9596.1]
filter   Racket        MicroBenches    0  1  19000000    mean:    8511.4  [  8480.6,    8542.2]
filter   Racket        MicroBenches    0  1  20000000    mean:    8838.6  [  8803.0,    8874.2]
filter   Racket        MicroBenches    0  1  2000000     mean:     736.2  [   726.1,     746.3]
filter   Racket        MicroBenches    0  1  3000000     mean:    1302.6  [  1289.0,    1316.2]
filter   Racket        MicroBenches    0  1  4000000     mean:    1691.3  [  1681.4,    1701.2]
filter   Racket        MicroBenches    0  1  5000000     mean:    2135.0  [  2125.8,    2144.2]
filter   Racket        MicroBenches    0  1  6000000     mean:    2429.8  [  2423.1,    2436.5]
filter   Racket        MicroBenches    0  1  7000000     mean:    3850.2  [  3827.4,    3873.0]
filter   Racket        MicroBenches    0  1  8000000     mean:    3619.8  [  3605.3,    3634.3]
filter   Racket        MicroBenches    0  1  9000000     mean:    4070.1  [  4052.5,    4087.7]
filter   SMLNJ         MicroBenches    0  1  10000000    mean:   20666.9  [ 20542.1,   20791.7]
filter   SMLNJ         MicroBenches    0  1  1000000     mean:     376.0  [   367.8,     384.2]
filter   SMLNJ         MicroBenches    0  1  11000000    mean:   27083.3  [ 26964.3,   27202.3]
filter   SMLNJ         MicroBenches    0  1  12000000    mean:   33522.9  [ 33362.5,   33683.3]
filter   SMLNJ         MicroBenches    0  1  13000000    mean:   40260.1  [ 39705.6,   40814.6]
filter   SMLNJ         MicroBenches    0  1  14000000    mean:   49415.9  [ 48234.3,   50597.4]
filter   SMLNJ         MicroBenches    0  1  15000000    mean:   56888.0  [ 56154.2,   57621.8]
filter   SMLNJ         MicroBenches    0  1  16000000    mean:   68233.5  [ 66391.9,   70075.0]
filter   SMLNJ         MicroBenches    0  1  17000000    mean:   75624.3  [ 75396.5,   75852.1]
filter   SMLNJ         MicroBenches    0  1  18000000    mean:   89878.4  [ 88464.3,   91292.6]
filter   SMLNJ         MicroBenches    0  1  19000000    mean:  100597.1  [ 99341.8,  101852.4]
filter   SMLNJ         MicroBenches    0  1  20000000    mean:  112650.2  [112439.3,  112861.2]
filter   SMLNJ         MicroBenches    0  1  2000000     mean:     864.1  [   848.8,     879.3]
filter   SMLNJ         MicroBenches    0  1  3000000     mean:    1441.3  [  1423.1,    1459.4]
filter   SMLNJ         MicroBenches    0  1  4000000     mean:    2955.4  [  2918.3,    2992.5]
filter   SMLNJ         MicroBenches    0  1  5000000     mean:    2889.4  [  2865.0,    2913.8]
filter   SMLNJ         MicroBenches    0  1  6000000     mean:    3897.8  [  3840.3,    3955.4]
filter   SMLNJ         MicroBenches    0  1  7000000     mean:    4813.9  [  4750.7,    4877.1]
filter   SMLNJ         MicroBenches    0  1  8000000     mean:   10007.4  [  9879.2,   10135.6]
filter   SMLNJ         MicroBenches    0  1  9000000     mean:   15851.8  [ 15790.4,   15913.2]
map      Lamb          MicroBenches    0  1  10000000    mean:    4495.9  [  4476.0,    4515.8]
map      Lamb          MicroBenches    0  1  1000000     mean:     356.8  [   349.3,     364.4]
map      Lamb          MicroBenches    0  1  11000000    mean:    5037.1  [  5010.9,    5063.3]
map      Lamb          MicroBenches    0  1  12000000    mean:    5796.4  [  5711.9,    5880.8]
map      Lamb          MicroBenches    0  1  13000000    mean:    6088.8  [  6042.3,    6135.2]
map      Lamb          MicroBenches    0  1  14000000    mean:    6490.4  [  6460.9,    6520.0]
map      Lamb          MicroBenches    0  1  15000000    mean:    7083.2  [  7034.8,    7131.6]
map      Lamb          MicroBenches    0  1  16000000    mean:    7773.7  [  7627.1,    7920.3]
map      Lamb          MicroBenches    0  1  17000000    mean:    8507.3  [  8461.8,    8552.9]
map      Lamb          MicroBenches    0  1  18000000    mean:    8687.3  [  8652.9,    8721.8]
map      Lamb          MicroBenches    0  1  19000000    mean:    9206.6  [  9073.7,    9339.4]
map      Lamb          MicroBenches    0  1  20000000    mean:    9720.6  [  9677.5,    9763.7]
map      Lamb          MicroBenches    0  1  2000000     mean:     808.1  [   793.0,     823.1]
map      Lamb          MicroBenches    0  1  3000000     mean:    1214.5  [  1203.6,    1225.3]
map      Lamb          MicroBenches    0  1  4000000     mean:    1676.5  [  1654.5,    1698.5]
map      Lamb          MicroBenches    0  1  5000000     mean:    2124.1  [  2111.1,    2137.2]
map      Lamb          MicroBenches    0  1  6000000     mean:    2577.4  [  2555.3,    2599.4]
map      Lamb          MicroBenches    0  1  7000000     mean:    3063.0  [  3014.6,    3111.4]
map      Lamb          MicroBenches    0  1  8000000     mean:    3559.0  [  3541.9,    3576.1]
map      Lamb          MicroBenches    0  1  9000000     mean:    4231.5  [  4173.8,    4289.1]
map      LambUncached  MicroBenches    0  1  10000000    mean:    4531.1  [  4494.4,    4567.8]
map      LambUncached  MicroBenches    0  1  1000000     mean:     358.4  [   347.5,     369.4]
map      LambUncached  MicroBenches    0  1  11000000    mean:    5056.3  [  4982.2,    5130.4]
map      LambUncached  MicroBenches    0  1  12000000    mean:    5785.6  [  5711.5,    5859.6]
map      LambUncached  MicroBenches    0  1  13000000    mean:    6059.6  [  6039.9,    6079.3]
map      LambUncached  MicroBenches    0  1  14000000    mean:    6507.6  [  6467.4,    6547.8]
map      LambUncached  MicroBenches    0  1  15000000    mean:    7117.2  [  7032.8,    7201.7]
map      LambUncached  MicroBenches    0  1  16000000    mean:    7647.3  [  7596.4,    7698.2]
map      LambUncached  MicroBenches    0  1  17000000    mean:    8500.1  [  8471.9,    8528.4]
map      LambUncached  MicroBenches    0  1  18000000    mean:    8673.7  [  8635.1,    8712.4]
map      LambUncached  MicroBenches    0  1  19000000    mean:    9098.6  [  9074.2,    9123.0]
map      LambUncached  MicroBenches    0  1  20000000    mean:    9695.4  [  9661.5,    9729.3]
map      LambUncached  MicroBenches    0  1  2000000     mean:     810.9  [   805.4,     816.3]
map      LambUncached  MicroBenches    0  1  3000000     mean:    1214.1  [  1202.1,    1226.0]
map      LambUncached  MicroBenches    0  1  4000000     mean:    1686.5  [  1671.9,    1701.1]
map      LambUncached  MicroBenches    0  1  5000000     mean:    2158.9  [  2137.9,    2180.0]
map      LambUncached  MicroBenches    0  1  6000000     mean:    2570.2  [  2557.5,    2582.8]
map      LambUncached  MicroBenches    0  1  7000000     mean:    3068.6  [  3029.9,    3107.2]
map      LambUncached  MicroBenches    0  1  8000000     mean:    3527.4  [  3507.7,    3547.1]
map      LambUncached  MicroBenches    0  1  9000000     mean:    4229.9  [  4148.7,    4311.0]
map      MLton         MicroBenches    0  1  10000000    mean:    1665.4  [  1663.4,    1667.3]
map      MLton         MicroBenches    0  1  1000000     mean:     190.4  [   189.8,     191.0]
map      MLton         MicroBenches    0  1  11000000    mean:    1799.4  [  1795.4,    1803.4]
map      MLton         MicroBenches    0  1  12000000    mean:    1933.8  [  1932.8,    1934.9]
map      MLton         MicroBenches    0  1  13000000    mean:    2074.8  [  2071.1,    2078.5]
map      MLton         MicroBenches    0  1  14000000    mean:    2587.2  [  2581.9,    2592.4]
map      MLton         MicroBenches    0  1  15000000    mean:    2712.2  [  2709.1,    2715.3]
map      MLton         MicroBenches    0  1  16000000    mean:    2840.6  [  2834.3,    2846.8]
map      MLton         MicroBenches    0  1  17000000    mean:    2985.4  [  2980.0,    2990.8]
map      MLton         MicroBenches    0  1  18000000    mean:    3117.2  [  3113.4,    3121.1]
map      MLton         MicroBenches    0  1  19000000    mean:    3257.2  [  3243.8,    3270.5]
map      MLton         MicroBenches    0  1  20000000    mean:    3393.2  [  3388.8,    3397.6]
map      MLton         MicroBenches    0  1  2000000     mean:     408.5  [   407.2,     409.8]
map      MLton         MicroBenches    0  1  3000000     mean:     287.9  [   287.3,     288.5]
map      MLton         MicroBenches    0  1  4000000     mean:     444.1  [   442.0,     446.3]
map      MLton         MicroBenches    0  1  5000000     mean:     508.0  [   507.2,     508.7]
map      MLton         MicroBenches    0  1  6000000     mean:     573.8  [   572.0,     575.6]
map      MLton         MicroBenches    0  1  7000000     mean:    1267.5  [  1265.3,    1269.8]
map      MLton         MicroBenches    0  1  8000000     mean:    1416.5  [  1413.3,    1419.8]
map      MLton         MicroBenches    0  1  9000000     mean:    1546.1  [  1541.4,    1550.8]
map      OCaml         MicroBenches    0  1  10000000    mean:   10510.2  [ 10504.6,   10515.8]
map      OCaml         MicroBenches    0  1  1000000     mean:     322.9  [   320.6,     325.2]
map      OCaml         MicroBenches    0  1  11000000    mean:   12713.6  [ 12703.1,   12724.2]
map      OCaml         MicroBenches    0  1  12000000    mean:   14343.6  [ 14333.7,   14353.5]
map      OCaml         MicroBenches    0  1  13000000    mean:   16746.4  [ 16731.1,   16761.6]
map      OCaml         MicroBenches    0  1  14000000    mean:   19109.4  [ 19098.4,   19120.4]
map      OCaml         MicroBenches    0  1  15000000    mean:   21860.1  [ 21846.3,   21873.9]
map      OCaml         MicroBenches    0  1  16000000    mean:   24521.3  [ 24500.3,   24542.3]
map      OCaml         MicroBenches    0  1  17000000    mean:   27267.6  [ 27252.1,   27283.2]
map      OCaml         MicroBenches    0  1  18000000    mean:   30452.6  [ 30428.7,   30476.4]
map      OCaml         MicroBenches    0  1  19000000    mean:   33569.6  [ 33541.5,   33597.7]
map      OCaml         MicroBenches    0  1  20000000    mean:   37130.7  [ 37109.1,   37152.2]
map      OCaml         MicroBenches    0  1  2000000     mean:     804.9  [   796.4,     813.4]
map      OCaml         MicroBenches    0  1  3000000     mean:    1434.7  [  1426.3,    1443.0]
map      OCaml         MicroBenches    0  1  4000000     mean:    2234.3  [  2227.2,    2241.3]
map      OCaml         MicroBenches    0  1  5000000     mean:    3244.7  [  3235.0,    3254.4]
map      OCaml         MicroBenches    0  1  6000000     mean:    4343.6  [  4337.1,    4350.2]
map      OCaml         MicroBenches    0  1  7000000     mean:    5641.7  [  5634.4,    5649.1]
map      OCaml         MicroBenches    0  1  8000000     mean:    7038.8  [  7034.0,    7043.6]
map      OCaml         MicroBenches    0  1  9000000     mean:    8745.2  [  8733.4,    8756.9]
map      Pycket        MicroBenches    0  1  10000000    mean:    5455.8  [  5400.9,    5510.7]
map      Pycket        MicroBenches    0  1  1000000     mean:     297.2  [   295.8,     298.6]
map      Pycket        MicroBenches    0  1  11000000    mean:    5864.5  [  5816.5,    5912.5]
map      Pycket        MicroBenches    0  1  12000000    mean:    6297.8  [  6269.3,    6326.3]
map      Pycket        MicroBenches    0  1  13000000    mean:    6806.2  [  6769.3,    6843.1]
map      Pycket        MicroBenches    0  1  14000000    mean:    9744.1  [  9698.0,    9790.2]
map      Pycket        MicroBenches    0  1  15000000    mean:   10396.7  [ 10310.0,   10483.4]
map      Pycket        MicroBenches    0  1  16000000    mean:   11045.9  [ 10978.0,   11113.8]
map      Pycket        MicroBenches    0  1  17000000    mean:   11640.5  [ 11604.0,   11677.0]
map      Pycket        MicroBenches    0  1  18000000    mean:   12179.5  [ 12146.4,   12212.6]
map      Pycket        MicroBenches    0  1  19000000    mean:   12716.3  [ 12602.4,   12830.2]
map      Pycket        MicroBenches    0  1  20000000    mean:   13324.4  [ 13264.7,   13384.1]
map      Pycket        MicroBenches    0  1  2000000     mean:    1168.5  [  1164.7,    1172.3]
map      Pycket        MicroBenches    0  1  3000000     mean:    1423.2  [  1416.1,    1430.3]
map      Pycket        MicroBenches    0  1  4000000     mean:    2197.5  [  2184.0,    2211.0]
map      Pycket        MicroBenches    0  1  5000000     mean:    2706.0  [  2694.8,    2717.2]
map      Pycket        MicroBenches    0  1  6000000     mean:    3140.7  [  3123.7,    3157.7]
map      Pycket        MicroBenches    0  1  7000000     mean:    4777.7  [  4731.7,    4823.7]
map      Pycket        MicroBenches    0  1  8000000     mean:    5325.6  [  5286.7,    5364.5]
map      Pycket        MicroBenches    0  1  9000000     mean:    5812.1  [  5763.7,    5860.5]
map      Racket        MicroBenches    0  1  10000000    mean:    5467.0  [  5430.6,    5503.4]
map      Racket        MicroBenches    0  1  1000000     mean:     297.3  [   296.3,     298.3]
map      Racket        MicroBenches    0  1  11000000    mean:    5866.5  [  5824.7,    5908.3]
map      Racket        MicroBenches    0  1  12000000    mean:    6297.1  [  6263.9,    6330.3]
map      Racket        MicroBenches    0  1  13000000    mean:    6765.2  [  6728.3,    6802.1]
map      Racket        MicroBenches    0  1  14000000    mean:    9827.2  [  9616.2,   10038.2]
map      Racket        MicroBenches    0  1  15000000    mean:   10452.2  [ 10342.3,   10562.1]
map      Racket        MicroBenches    0  1  16000000    mean:   11005.1  [ 10940.5,   11069.7]
map      Racket        MicroBenches    0  1  17000000    mean:   11535.0  [ 11498.9,   11571.1]
map      Racket        MicroBenches    0  1  18000000    mean:   12128.9  [ 12063.3,   12194.5]
map      Racket        MicroBenches    0  1  19000000    mean:   12768.5  [ 12700.3,   12836.7]
map      Racket        MicroBenches    0  1  20000000    mean:   13278.0  [ 13208.9,   13347.1]
map      Racket        MicroBenches    0  1  2000000     mean:    1180.7  [  1166.1,    1195.3]
map      Racket        MicroBenches    0  1  3000000     mean:    1418.1  [  1413.6,    1422.6]
map      Racket        MicroBenches    0  1  4000000     mean:    2208.5  [  2196.6,    2220.4]
map      Racket        MicroBenches    0  1  5000000     mean:    2743.8  [  2729.5,    2758.1]
map      Racket        MicroBenches    0  1  6000000     mean:    3148.9  [  3138.5,    3159.3]
map      Racket        MicroBenches    0  1  7000000     mean:    4777.8  [  4763.5,    4792.1]
map      Racket        MicroBenches    0  1  8000000     mean:    5317.9  [  5292.1,    5343.7]
map      Racket        MicroBenches    0  1  9000000     mean:    5813.8  [  5770.4,    5857.2]
map      SMLNJ         MicroBenches    0  1  10000000    mean:   93525.8  [ 93249.8,   93801.9]
map      SMLNJ         MicroBenches    0  1  1000000     mean:     936.9  [   910.0,     963.7]
map      SMLNJ         MicroBenches    0  1  11000000    mean:  119133.0  [118209.9,  120056.2]
map      SMLNJ         MicroBenches    0  1  12000000    mean:  142695.7  [142368.7,  143022.8]
map      SMLNJ         MicroBenches    0  1  13000000    mean:  171587.5  [169009.2,  174165.9]
map      SMLNJ         MicroBenches    0  1  14000000    mean:  208673.8  [205963.6,  211384.0]
map      SMLNJ         MicroBenches    0  1  15000000    mean:  241320.7  [240808.5,  241832.8]
map      SMLNJ         MicroBenches    0  1  16000000    mean:  279803.5  [279230.0,  280376.9]
map      SMLNJ         MicroBenches    0  1  17000000    mean:  319163.5  [318573.6,  319753.5]
map      SMLNJ         MicroBenches    0  1  18000000    mean:  362720.3  [362136.2,  363304.3]
map      SMLNJ         MicroBenches    0  1  19000000    mean:  411492.5  [409338.2,  413646.8]
map      SMLNJ         MicroBenches    0  1  20000000    mean:  461196.8  [460522.2,  461871.4]
map      SMLNJ         MicroBenches    0  1  2000000     mean:    2646.2  [  2607.9,    2684.4]
map      SMLNJ         MicroBenches    0  1  3000000     mean:    2941.0  [  2881.1,    3000.8]
map      SMLNJ         MicroBenches    0  1  4000000     mean:    7781.7  [  7701.9,    7861.5]
map      SMLNJ         MicroBenches    0  1  5000000     mean:   16620.6  [ 16543.8,   16697.5]
map      SMLNJ         MicroBenches    0  1  6000000     mean:   27313.3  [ 27194.4,   27432.2]
map      SMLNJ         MicroBenches    0  1  7000000     mean:   39352.5  [ 38757.4,   39947.6]
map      SMLNJ         MicroBenches    0  1  8000000     mean:   53727.0  [ 53562.4,   53891.6]
map      SMLNJ         MicroBenches    0  1  9000000     mean:   71560.1  [ 71299.3,   71820.8]
reverse  Lamb          MicroBenches    0  1  10000000    mean:     886.1  [   879.4,     892.7]
reverse  Lamb          MicroBenches    0  1  1000000     mean:      64.0  [    64.0,      64.0]
reverse  Lamb          MicroBenches    0  1  11000000    mean:     986.1  [   978.5,     993.7]
reverse  Lamb          MicroBenches    0  1  12000000    mean:    1011.3  [   987.0,    1035.6]
reverse  Lamb          MicroBenches    0  1  13000000    mean:     930.1  [   926.6,     933.5]
reverse  Lamb          MicroBenches    0  1  14000000    mean:     992.1  [   988.7,     995.4]
reverse  Lamb          MicroBenches    0  1  15000000    mean:    1053.7  [  1049.8,    1057.5]
reverse  Lamb          MicroBenches    0  1  16000000    mean:    1442.9  [  1441.1,    1444.7]
reverse  Lamb          MicroBenches    0  1  17000000    mean:    1531.7  [  1522.4,    1541.0]
reverse  Lamb          MicroBenches    0  1  18000000    mean:    1651.7  [  1636.6,    1666.8]
reverse  Lamb          MicroBenches    0  1  19000000    mean:    1709.3  [  1697.6,    1721.0]
reverse  Lamb          MicroBenches    0  1  20000000    mean:    1762.9  [  1747.3,    1778.5]
reverse  Lamb          MicroBenches    0  1  2000000     mean:     172.4  [   171.6,     173.3]
reverse  Lamb          MicroBenches    0  1  3000000     mean:     315.6  [   314.8,     316.5]
reverse  Lamb          MicroBenches    0  1  4000000     mean:     376.0  [   371.8,     380.3]
reverse  Lamb          MicroBenches    0  1  5000000     mean:     474.4  [   471.5,     477.3]
reverse  Lamb          MicroBenches    0  1  6000000     mean:     526.0  [   520.6,     531.5]
reverse  Lamb          MicroBenches    0  1  7000000     mean:     513.2  [   507.5,     519.0]
reverse  Lamb          MicroBenches    0  1  8000000     mean:     726.4  [   721.0,     731.9]
reverse  Lamb          MicroBenches    0  1  9000000     mean:     798.8  [   794.2,     803.5]
reverse  LambUncached  MicroBenches    0  1  10000000    mean:     886.9  [   880.3,     893.4]
reverse  LambUncached  MicroBenches    0  1  1000000     mean:      64.8  [    63.7,      65.9]
reverse  LambUncached  MicroBenches    0  1  11000000    mean:     986.5  [   980.0,     992.9]
reverse  LambUncached  MicroBenches    0  1  12000000    mean:    1006.9  [   995.9,    1017.8]
reverse  LambUncached  MicroBenches    0  1  13000000    mean:     938.5  [   926.4,     950.5]
reverse  LambUncached  MicroBenches    0  1  14000000    mean:    1011.3  [  1006.3,    1016.2]
reverse  LambUncached  MicroBenches    0  1  15000000    mean:    1058.1  [  1051.3,    1064.9]
reverse  LambUncached  MicroBenches    0  1  16000000    mean:    1452.9  [  1447.1,    1458.7]
reverse  LambUncached  MicroBenches    0  1  17000000    mean:    1536.1  [  1531.7,    1540.5]
reverse  LambUncached  MicroBenches    0  1  18000000    mean:    1640.5  [  1630.2,    1650.8]
reverse  LambUncached  MicroBenches    0  1  19000000    mean:    1699.7  [  1694.7,    1704.7]
reverse  LambUncached  MicroBenches    0  1  20000000    mean:    1760.1  [  1752.9,    1767.3]
reverse  LambUncached  MicroBenches    0  1  2000000     mean:     172.8  [   171.7,     174.0]
reverse  LambUncached  MicroBenches    0  1  3000000     mean:     339.6  [   333.8,     345.4]
reverse  LambUncached  MicroBenches    0  1  4000000     mean:     378.8  [   373.1,     384.6]
reverse  LambUncached  MicroBenches    0  1  5000000     mean:     481.6  [   476.0,     487.2]
reverse  LambUncached  MicroBenches    0  1  6000000     mean:     532.0  [   527.8,     536.3]
reverse  LambUncached  MicroBenches    0  1  7000000     mean:     509.2  [   505.4,     513.1]
reverse  LambUncached  MicroBenches    0  1  8000000     mean:     729.6  [   720.5,     738.8]
reverse  LambUncached  MicroBenches    0  1  9000000     mean:     797.2  [   795.4,     799.1]
reverse  MLton         MicroBenches    0  1  10000000    mean:     256.3  [   255.5,     257.2]
reverse  MLton         MicroBenches    0  1  1000000     mean:      26.5  [    26.4,      26.6]
reverse  MLton         MicroBenches    0  1  11000000    mean:     280.2  [   279.3,     281.1]
reverse  MLton         MicroBenches    0  1  12000000    mean:     306.3  [   305.8,     306.8]
reverse  MLton         MicroBenches    0  1  13000000    mean:     330.8  [   329.6,     331.9]
reverse  MLton         MicroBenches    0  1  14000000    mean:     358.1  [   357.3,     358.9]
reverse  MLton         MicroBenches    0  1  15000000    mean:     380.5  [   379.8,     381.1]
reverse  MLton         MicroBenches    0  1  16000000    mean:     408.7  [   407.7,     409.7]
reverse  MLton         MicroBenches    0  1  17000000    mean:    1437.0  [  1431.3,    1442.8]
reverse  MLton         MicroBenches    0  1  18000000    mean:    1526.3  [  1521.4,    1531.1]
reverse  MLton         MicroBenches    0  1  19000000    mean:    1625.4  [  1616.4,    1634.4]
reverse  MLton         MicroBenches    0  1  20000000    mean:    1696.7  [  1691.6,    1701.8]
reverse  MLton         MicroBenches    0  1  2000000     mean:      53.4  [    53.3,      53.5]
reverse  MLton         MicroBenches    0  1  3000000     mean:     311.6  [   308.5,     314.7]
reverse  MLton         MicroBenches    0  1  4000000     mean:     389.6  [   388.7,     390.6]
reverse  MLton         MicroBenches    0  1  5000000     mean:     128.9  [   128.5,     129.4]
reverse  MLton         MicroBenches    0  1  6000000     mean:     156.6  [   156.0,     157.3]
reverse  MLton         MicroBenches    0  1  7000000     mean:     180.9  [   179.7,     182.0]
reverse  MLton         MicroBenches    0  1  8000000     mean:     204.6  [   203.9,     205.2]
reverse  MLton         MicroBenches    0  1  9000000     mean:     230.4  [   229.7,     231.1]
reverse  OCaml         MicroBenches    0  1  10000000    mean:    1390.4  [  1369.9,    1410.8]
reverse  OCaml         MicroBenches    0  1  1000000     mean:     120.8  [   117.2,     124.5]
reverse  OCaml         MicroBenches    0  1  11000000    mean:    1546.4  [  1530.9,    1561.9]
reverse  OCaml         MicroBenches    0  1  12000000    mean:    1607.1  [  1591.3,    1623.0]
reverse  OCaml         MicroBenches    0  1  13000000    mean:    1790.9  [  1773.0,    1808.8]
reverse  OCaml         MicroBenches    0  1  14000000    mean:    1925.8  [  1920.0,    1931.5]
reverse  OCaml         MicroBenches    0  1  15000000    mean:    2049.6  [  2039.9,    2059.2]
reverse  OCaml         MicroBenches    0  1  16000000    mean:    2165.9  [  2146.5,    2185.3]
reverse  OCaml         MicroBenches    0  1  17000000    mean:    2309.0  [  2283.7,    2334.2]
reverse  OCaml         MicroBenches    0  1  18000000    mean:    2480.8  [  2440.6,    2521.0]
reverse  OCaml         MicroBenches    0  1  19000000    mean:    2620.7  [  2583.2,    2658.3]
reverse  OCaml         MicroBenches    0  1  20000000    mean:    2734.2  [  2715.8,    2752.7]
reverse  OCaml         MicroBenches    0  1  2000000     mean:     264.1  [   260.0,     268.2]
reverse  OCaml         MicroBenches    0  1  3000000     mean:     390.0  [   382.4,     397.7]
reverse  OCaml         MicroBenches    0  1  4000000     mean:     533.8  [   531.7,     535.9]
reverse  OCaml         MicroBenches    0  1  5000000     mean:     694.5  [   684.5,     704.4]
reverse  OCaml         MicroBenches    0  1  6000000     mean:     818.0  [   803.4,     832.5]
reverse  OCaml         MicroBenches    0  1  7000000     mean:     963.1  [   955.6,     970.6]
reverse  OCaml         MicroBenches    0  1  8000000     mean:    1105.4  [  1092.0,    1118.7]
reverse  OCaml         MicroBenches    0  1  9000000     mean:    1226.0  [  1216.2,    1235.7]
reverse  Pycket        MicroBenches    0  1  10000000    mean:    1390.1  [  1383.6,    1396.6]
reverse  Pycket        MicroBenches    0  1  1000000     mean:     169.5  [   166.5,     172.5]
reverse  Pycket        MicroBenches    0  1  11000000    mean:    1539.4  [  1528.2,    1550.6]
reverse  Pycket        MicroBenches    0  1  12000000    mean:    3515.1  [  3482.1,    3548.1]
reverse  Pycket        MicroBenches    0  1  13000000    mean:    3649.3  [  3617.3,    3681.3]
reverse  Pycket        MicroBenches    0  1  14000000    mean:    3928.9  [  3898.0,    3959.8]
reverse  Pycket        MicroBenches    0  1  15000000    mean:    4101.3  [  4017.9,    4184.7]
reverse  Pycket        MicroBenches    0  1  16000000    mean:    4252.9  [  4215.1,    4290.7]
reverse  Pycket        MicroBenches    0  1  17000000    mean:    4444.9  [  4406.9,    4482.9]
reverse  Pycket        MicroBenches    0  1  18000000    mean:    4446.5  [  4344.1,    4548.9]
reverse  Pycket        MicroBenches    0  1  19000000    mean:    4619.7  [  4591.0,    4648.4]
reverse  Pycket        MicroBenches    0  1  20000000    mean:    4755.7  [  4707.8,    4803.6]
reverse  Pycket        MicroBenches    0  1  2000000     mean:     793.9  [   790.7,     797.1]
reverse  Pycket        MicroBenches    0  1  3000000     mean:     738.2  [   733.6,     742.8]
reverse  Pycket        MicroBenches    0  1  4000000     mean:     609.9  [   599.3,     620.5]
reverse  Pycket        MicroBenches    0  1  5000000     mean:    1621.5  [  1607.2,    1635.8]
reverse  Pycket        MicroBenches    0  1  6000000     mean:    1778.1  [  1761.4,    1794.8]
reverse  Pycket        MicroBenches    0  1  7000000     mean:    1782.1  [  1759.7,    1804.5]
reverse  Pycket        MicroBenches    0  1  8000000     mean:    1944.4  [  1926.9,    1961.9]
reverse  Pycket        MicroBenches    0  1  9000000     mean:    2098.4  [  2038.1,    2158.7]
reverse  Racket        MicroBenches    0  1  10000000    mean:    1389.5  [  1369.5,    1409.5]
reverse  Racket        MicroBenches    0  1  1000000     mean:     171.4  [   165.4,     177.4]
reverse  Racket        MicroBenches    0  1  11000000    mean:    1539.0  [  1523.6,    1554.4]
reverse  Racket        MicroBenches    0  1  12000000    mean:    3514.5  [  3451.5,    3577.5]
reverse  Racket        MicroBenches    0  1  13000000    mean:    3660.4  [  3635.3,    3685.5]
reverse  Racket        MicroBenches    0  1  14000000    mean:    3945.5  [  3857.4,    4033.6]
reverse  Racket        MicroBenches    0  1  15000000    mean:    4140.7  [  4058.3,    4223.1]
reverse  Racket        MicroBenches    0  1  16000000    mean:    4268.0  [  4244.8,    4291.2]
reverse  Racket        MicroBenches    0  1  17000000    mean:    4408.0  [  4380.5,    4435.5]
reverse  Racket        MicroBenches    0  1  18000000    mean:    4443.1  [  4405.8,    4480.4]
reverse  Racket        MicroBenches    0  1  19000000    mean:    4631.5  [  4589.1,    4673.9]
reverse  Racket        MicroBenches    0  1  20000000    mean:    4789.0  [  4765.4,    4812.6]
reverse  Racket        MicroBenches    0  1  2000000     mean:     785.9  [   780.0,     791.8]
reverse  Racket        MicroBenches    0  1  3000000     mean:     738.4  [   731.4,     745.4]
reverse  Racket        MicroBenches    0  1  4000000     mean:     608.9  [   605.0,     612.8]
reverse  Racket        MicroBenches    0  1  5000000     mean:    1630.3  [  1583.6,    1677.0]
reverse  Racket        MicroBenches    0  1  6000000     mean:    1767.8  [  1755.4,    1780.2]
reverse  Racket        MicroBenches    0  1  7000000     mean:    1770.2  [  1751.6,    1788.8]
reverse  Racket        MicroBenches    0  1  8000000     mean:    1930.0  [  1916.9,    1943.1]
reverse  Racket        MicroBenches    0  1  9000000     mean:    2119.6  [  2026.9,    2212.3]
reverse  SMLNJ         MicroBenches    0  1  10000000    mean:    7962.1  [  7925.5,    7998.7]
reverse  SMLNJ         MicroBenches    0  1  1000000     mean:     166.4  [   161.9,     170.9]
reverse  SMLNJ         MicroBenches    0  1  11000000    mean:    7418.5  [  7363.1,    7473.8]
reverse  SMLNJ         MicroBenches    0  1  12000000    mean:   19192.0  [ 19015.3,   19368.7]
reverse  SMLNJ         MicroBenches    0  1  13000000    mean:   22123.4  [ 22031.7,   22215.1]
reverse  SMLNJ         MicroBenches    0  1  14000000    mean:   25876.0  [ 25122.6,   26629.4]
reverse  SMLNJ         MicroBenches    0  1  15000000    mean:   17121.5  [ 16114.6,   18128.3]
reverse  SMLNJ         MicroBenches    0  1  16000000    mean:   14188.5  [ 14140.2,   14236.8]
reverse  SMLNJ         MicroBenches    0  1  17000000    mean:   37794.0  [ 37616.8,   37971.1]
reverse  SMLNJ         MicroBenches    0  1  18000000    mean:   41258.2  [ 41156.1,   41360.2]
reverse  SMLNJ         MicroBenches    0  1  19000000    mean:   46000.5  [ 45832.5,   46168.4]
reverse  SMLNJ         MicroBenches    0  1  20000000    mean:   28513.0  [ 28369.2,   28656.8]
reverse  SMLNJ         MicroBenches    0  1  2000000     mean:     557.6  [   546.0,     569.3]
reverse  SMLNJ         MicroBenches    0  1  3000000     mean:     682.4  [   650.1,     714.7]
reverse  SMLNJ         MicroBenches    0  1  4000000     mean:    1223.3  [  1195.0,    1251.5]
reverse  SMLNJ         MicroBenches    0  1  5000000     mean:    1394.1  [  1366.0,    1422.2]
reverse  SMLNJ         MicroBenches    0  1  6000000     mean:    1516.5  [  1472.2,    1560.8]
reverse  SMLNJ         MicroBenches    0  1  7000000     mean:    2372.5  [  2291.6,    2453.5]
reverse  SMLNJ         MicroBenches    0  1  8000000     mean:    3598.2  [  3555.6,    3640.8]
reverse  SMLNJ         MicroBenches    0  1  9000000     mean:   10973.5  [ 10825.5,   11121.4]
tree     Lamb          MicroBenches    0  1  10000000    mean:     139.6  [   138.8,     140.5]
tree     Lamb          MicroBenches    0  1  1000000     mean:       0.0  [     0.0,       0.0]
tree     Lamb          MicroBenches    0  1  11000000    mean:     186.8  [   181.7,     191.9]
tree     Lamb          MicroBenches    0  1  12000000    mean:     248.8  [   247.1,     250.5]
tree     Lamb          MicroBenches    0  1  13000000    mean:     365.2  [   361.2,     369.3]
tree     Lamb          MicroBenches    0  1  14000000    mean:     568.0  [   553.7,     582.4]
tree     Lamb          MicroBenches    0  1  15000000    mean:     962.1  [   951.3,     972.8]
tree     Lamb          MicroBenches    0  1  16000000    mean:    2130.9  [  2115.7,    2146.1]
tree     Lamb          MicroBenches    0  1  17000000    mean:    5124.3  [  5097.1,    5151.5]
tree     Lamb          MicroBenches    0  1  18000000    mean:   11454.7  [ 11398.9,   11510.5]
tree     Lamb          MicroBenches    0  1  19000000    mean:   23880.3  [ 23776.5,   23984.1]
tree     Lamb          MicroBenches    0  1  20000000    mean:   49413.9  [ 49253.9,   49573.9]
tree     Lamb          MicroBenches    0  1  2000000     mean:       0.4  [    -0.5,       1.3]
tree     Lamb          MicroBenches    0  1  3000000     mean:       3.6  [     2.7,       4.5]
tree     Lamb          MicroBenches    0  1  4000000     mean:       8.0  [     8.0,       8.0]
tree     Lamb          MicroBenches    0  1  5000000     mean:      24.0  [    24.0,      24.0]
tree     Lamb          MicroBenches    0  1  6000000     mean:      44.0  [    44.0,      44.0]
tree     Lamb          MicroBenches    0  1  7000000     mean:      64.0  [    64.0,      64.0]
tree     Lamb          MicroBenches    0  1  8000000     mean:      72.0  [    72.0,      72.0]
tree     Lamb          MicroBenches    0  1  9000000     mean:     100.4  [    99.5,     101.3]
tree     LambUncached  MicroBenches    0  1  10000000    mean:     152.0  [   148.0,     156.1]
tree     LambUncached  MicroBenches    0  1  1000000     mean:       0.0  [     0.0,       0.0]
tree     LambUncached  MicroBenches    0  1  11000000    mean:     198.4  [   195.0,     201.8]
tree     LambUncached  MicroBenches    0  1  12000000    mean:     261.2  [   255.3,     267.1]
tree     LambUncached  MicroBenches    0  1  13000000    mean:     373.2  [   371.9,     374.5]
tree     LambUncached  MicroBenches    0  1  14000000    mean:     598.0  [   596.6,     599.5]
tree     LambUncached  MicroBenches    0  1  15000000    mean:    1054.5  [  1045.8,    1063.2]
tree     LambUncached  MicroBenches    0  1  16000000    mean:    2132.1  [  2107.2,    2157.1]
tree     LambUncached  MicroBenches    0  1  17000000    mean:    5184.7  [  5169.1,    5200.4]
tree     LambUncached  MicroBenches    0  1  18000000    mean:   11245.1  [ 11151.5,   11338.7]
tree     LambUncached  MicroBenches    0  1  19000000    mean:   23751.5  [ 23692.0,   23810.9]
tree     LambUncached  MicroBenches    0  1  20000000    mean:   50459.2  [ 50233.6,   50684.7]
tree     LambUncached  MicroBenches    0  1  2000000     mean:       0.0  [     0.0,       0.0]
tree     LambUncached  MicroBenches    0  1  3000000     mean:       2.8  [     1.5,       4.1]
tree     LambUncached  MicroBenches    0  1  4000000     mean:       8.0  [     8.0,       8.0]
tree     LambUncached  MicroBenches    0  1  5000000     mean:      22.4  [    21.0,      23.8]
tree     LambUncached  MicroBenches    0  1  6000000     mean:      48.0  [    48.0,      48.0]
tree     LambUncached  MicroBenches    0  1  7000000     mean:      63.6  [    62.1,      65.1]
tree     LambUncached  MicroBenches    0  1  8000000     mean:      72.8  [    71.1,      74.5]
tree     LambUncached  MicroBenches    0  1  9000000     mean:     104.4  [   100.5,     108.3]
tree     MLton         MicroBenches    0  1  10000000    mean:       5.7  [     5.7,       5.7]
tree     MLton         MicroBenches    0  1  1000000     mean:       0.0  [     0.0,       0.0]
tree     MLton         MicroBenches    0  1  11000000    mean:      12.8  [    12.7,      12.8]
tree     MLton         MicroBenches    0  1  12000000    mean:      26.0  [    25.8,      26.1]
tree     MLton         MicroBenches    0  1  13000000    mean:      47.6  [    47.4,      47.7]
tree     MLton         MicroBenches    0  1  14000000    mean:     111.7  [   111.5,     112.0]
tree     MLton         MicroBenches    0  1  15000000    mean:     230.4  [   230.2,     230.7]
tree     MLton         MicroBenches    0  1  16000000    mean:     429.4  [   424.1,     434.8]
tree     MLton         MicroBenches    0  1  17000000    mean:     942.4  [   938.4,     946.3]
tree     MLton         MicroBenches    0  1  18000000    mean:    1999.8  [  1993.9,    2005.7]
tree     MLton         MicroBenches    0  1  19000000    mean:    3774.8  [  3770.5,    3779.1]
tree     MLton         MicroBenches    0  1  20000000    mean:    8481.1  [  8467.3,    8494.9]
tree     MLton         MicroBenches    0  1  2000000     mean:       0.0  [     0.0,       0.0]
tree     MLton         MicroBenches    0  1  3000000     mean:       0.1  [     0.0,       0.1]
tree     MLton         MicroBenches    0  1  4000000     mean:       0.1  [     0.1,       0.1]
tree     MLton         MicroBenches    0  1  5000000     mean:       0.1  [     0.1,       0.1]
tree     MLton         MicroBenches    0  1  6000000     mean:       0.2  [     0.2,       0.2]
tree     MLton         MicroBenches    0  1  7000000     mean:       0.6  [     0.6,       0.7]
tree     MLton         MicroBenches    0  1  8000000     mean:       1.2  [     1.2,       1.2]
tree     MLton         MicroBenches    0  1  9000000     mean:       3.1  [     3.1,       3.1]
tree     OCaml         MicroBenches    0  1  10000000    mean:       5.6  [     5.5,       5.6]
tree     OCaml         MicroBenches    0  1  1000000     mean:       0.0  [     0.0,       0.0]
tree     OCaml         MicroBenches    0  1  11000000    mean:       7.9  [     7.9,       8.0]
tree     OCaml         MicroBenches    0  1  12000000    mean:      18.9  [    18.8,      19.0]
tree     OCaml         MicroBenches    0  1  13000000    mean:      41.4  [    41.2,      41.6]
tree     OCaml         MicroBenches    0  1  14000000    mean:     143.2  [   142.5,     144.0]
tree     OCaml         MicroBenches    0  1  15000000    mean:     353.0  [   351.1,     355.0]
tree     OCaml         MicroBenches    0  1  16000000    mean:     856.0  [   841.0,     871.0]
tree     OCaml         MicroBenches    0  1  17000000    mean:    2002.8  [  1975.3,    2030.3]
tree     OCaml         MicroBenches    0  1  18000000    mean:    4625.4  [  4587.9,    4662.9]
tree     OCaml         MicroBenches    0  1  19000000    mean:   10503.4  [ 10426.2,   10580.5]
tree     OCaml         MicroBenches    0  1  20000000    mean:   23311.6  [ 23155.7,   23467.4]
tree     OCaml         MicroBenches    0  1  2000000     mean:       0.0  [     0.0,       0.0]
tree     OCaml         MicroBenches    0  1  3000000     mean:       0.0  [     0.0,       0.0]
tree     OCaml         MicroBenches    0  1  4000000     mean:       0.1  [     0.1,       0.1]
tree     OCaml         MicroBenches    0  1  5000000     mean:       0.1  [     0.1,       0.1]
tree     OCaml         MicroBenches    0  1  6000000     mean:       0.3  [     0.3,       0.3]
tree     OCaml         MicroBenches    0  1  7000000     mean:       0.7  [     0.7,       0.7]
tree     OCaml         MicroBenches    0  1  8000000     mean:       1.5  [     1.5,       1.6]
tree     OCaml         MicroBenches    0  1  9000000     mean:       3.4  [     3.4,       3.4]
tree     Pycket        MicroBenches    0  1  10000000    mean:       4.0  [     4.0,       4.0]
tree     Pycket        MicroBenches    0  1  1000000     mean:       0.1  [    -0.1,       0.3]
tree     Pycket        MicroBenches    0  1  11000000    mean:       8.5  [     8.1,       8.9]
tree     Pycket        MicroBenches    0  1  12000000    mean:      18.5  [    18.0,      19.0]
tree     Pycket        MicroBenches    0  1  13000000    mean:      47.6  [    47.1,      48.1]
tree     Pycket        MicroBenches    0  1  14000000    mean:      97.5  [    96.7,      98.3]
tree     Pycket        MicroBenches    0  1  15000000    mean:     206.0  [   200.6,     211.4]
tree     Pycket        MicroBenches    0  1  16000000    mean:     428.5  [   426.7,     430.3]
tree     Pycket        MicroBenches    0  1  17000000    mean:    1202.5  [  1190.7,    1214.3]
tree     Pycket        MicroBenches    0  1  18000000    mean:    2326.2  [  2314.9,    2337.5]
tree     Pycket        MicroBenches    0  1  19000000    mean:    5569.0  [  5553.2,    5584.8]
tree     Pycket        MicroBenches    0  1  20000000    mean:   13386.3  [ 13290.4,   13482.2]
tree     Pycket        MicroBenches    0  1  2000000     mean:       0.2  [    -0.1,       0.5]
tree     Pycket        MicroBenches    0  1  3000000     mean:       0.3  [    -0.0,       0.6]
tree     Pycket        MicroBenches    0  1  4000000     mean:       0.3  [    -0.0,       0.6]
tree     Pycket        MicroBenches    0  1  5000000     mean:       0.3  [    -0.0,       0.6]
tree     Pycket        MicroBenches    0  1  6000000     mean:       0.5  [     0.1,       0.9]
tree     Pycket        MicroBenches    0  1  7000000     mean:       0.4  [     0.0,       0.8]
tree     Pycket        MicroBenches    0  1  8000000     mean:       1.3  [     1.0,       1.6]
tree     Pycket        MicroBenches    0  1  9000000     mean:       2.1  [     1.9,       2.3]
tree     Racket        MicroBenches    0  1  10000000    mean:       3.9  [     3.7,       4.1]
tree     Racket        MicroBenches    0  1  1000000     mean:       0.4  [     0.0,       0.8]
tree     Racket        MicroBenches    0  1  11000000    mean:       8.6  [     8.2,       9.0]
tree     Racket        MicroBenches    0  1  12000000    mean:      18.1  [    17.9,      18.3]
tree     Racket        MicroBenches    0  1  13000000    mean:      47.9  [    47.2,      48.6]
tree     Racket        MicroBenches    0  1  14000000    mean:      98.6  [    97.1,     100.1]
tree     Racket        MicroBenches    0  1  15000000    mean:     207.3  [   197.8,     216.8]
tree     Racket        MicroBenches    0  1  16000000    mean:     438.1  [   423.3,     452.9]
tree     Racket        MicroBenches    0  1  17000000    mean:    1218.3  [  1181.1,    1255.5]
tree     Racket        MicroBenches    0  1  18000000    mean:    2324.2  [  2300.4,    2348.0]
tree     Racket        MicroBenches    0  1  19000000    mean:    5587.8  [  5533.0,    5642.6]
tree     Racket        MicroBenches    0  1  20000000    mean:   13395.0  [ 13274.7,   13515.3]
tree     Racket        MicroBenches    0  1  2000000     mean:       0.6  [     0.2,       1.0]
tree     Racket        MicroBenches    0  1  3000000     mean:       0.1  [    -0.1,       0.3]
tree     Racket        MicroBenches    0  1  4000000     mean:       0.2  [    -0.1,       0.5]
tree     Racket        MicroBenches    0  1  5000000     mean:       0.5  [     0.1,       0.9]
tree     Racket        MicroBenches    0  1  6000000     mean:       0.6  [     0.2,       1.0]
tree     Racket        MicroBenches    0  1  7000000     mean:       0.7  [     0.4,       1.0]
tree     Racket        MicroBenches    0  1  8000000     mean:       1.1  [     0.9,       1.3]
tree     Racket        MicroBenches    0  1  9000000     mean:       2.0  [     1.7,       2.3]
tree     SMLNJ         MicroBenches    0  1  10000000    mean:       7.6  [     6.7,       8.5]
tree     SMLNJ         MicroBenches    0  1  1000000     mean:       0.0  [     0.0,       0.0]
tree     SMLNJ         MicroBenches    0  1  11000000    mean:      11.6  [    10.7,      12.5]
tree     SMLNJ         MicroBenches    0  1  12000000    mean:      20.0  [    20.0,      20.0]
tree     SMLNJ         MicroBenches    0  1  13000000    mean:      60.0  [    56.9,      63.1]
tree     SMLNJ         MicroBenches    0  1  14000000    mean:     124.8  [   120.8,     128.8]
tree     SMLNJ         MicroBenches    0  1  15000000    mean:     269.6  [   263.9,     275.4]
tree     SMLNJ         MicroBenches    0  1  16000000    mean:     874.1  [   839.7,     908.4]
tree     SMLNJ         MicroBenches    0  1  17000000    mean:    2306.5  [  2267.3,    2345.8]
tree     SMLNJ         MicroBenches    0  1  18000000    mean:    5718.0  [  5680.6,    5755.3]
tree     SMLNJ         MicroBenches    0  1  19000000    mean:   15307.4  [ 15170.0,   15444.7]
tree     SMLNJ         MicroBenches    0  1  20000000    mean:  116257.7  [114952.9,  117562.5]
tree     SMLNJ         MicroBenches    0  1  2000000     mean:       0.0  [     0.0,       0.0]
tree     SMLNJ         MicroBenches    0  1  3000000     mean:       0.0  [     0.0,       0.0]
tree     SMLNJ         MicroBenches    0  1  4000000     mean:       0.0  [     0.0,       0.0]
tree     SMLNJ         MicroBenches    0  1  5000000     mean:       0.8  [    -0.3,       1.9]
tree     SMLNJ         MicroBenches    0  1  6000000     mean:       3.6  [     2.7,       4.5]
tree     SMLNJ         MicroBenches    0  1  7000000     mean:       4.0  [     4.0,       4.0]
tree     SMLNJ         MicroBenches    0  1  8000000     mean:       4.0  [     4.0,       4.0]
tree     SMLNJ         MicroBenches    0  1  9000000     mean:       3.6  [     2.7,       4.5]
