append   Lamb          MicroBenches    0  1  10000000    mean:    5390.7  [  5269.0,    5512.5]
append   Lamb          MicroBenches    0  1  1000000     mean:     478.0  [   471.5,     484.6]
append   Lamb          MicroBenches    0  1  11000000    mean:    7168.8  [  7123.5,    7214.2]
append   Lamb          MicroBenches    0  1  12000000    mean:    7731.7  [  7703.4,    7759.9]
append   Lamb          MicroBenches    0  1  13000000    mean:    8367.3  [  8316.1,    8418.5]
append   Lamb          MicroBenches    0  1  14000000    mean:   10067.8  [  9979.3,   10156.4]
append   Lamb          MicroBenches    0  1  15000000    mean:   10423.9  [ 10334.8,   10512.9]
append   Lamb          MicroBenches    0  1  16000000    mean:   10920.3  [ 10855.0,   10985.6]
append   Lamb          MicroBenches    0  1  17000000    mean:    9143.0  [  9035.0,    9251.0]
append   Lamb          MicroBenches    0  1  18000000    mean:   11930.7  [ 11811.3,   12050.2]
append   Lamb          MicroBenches    0  1  19000000    mean:   12577.2  [ 12406.3,   12748.0]
append   Lamb          MicroBenches    0  1  20000000    mean:   13170.8  [ 13059.5,   13282.2]
append   Lamb          MicroBenches    0  1  2000000     mean:    1293.7  [  1276.8,    1310.5]
append   Lamb          MicroBenches    0  1  3000000     mean:    1988.5  [  1980.6,    1996.5]
append   Lamb          MicroBenches    0  1  4000000     mean:    2549.4  [  2531.3,    2567.5]
append   Lamb          MicroBenches    0  1  5000000     mean:    3418.6  [  3373.8,    3463.4]
append   Lamb          MicroBenches    0  1  6000000     mean:    3883.4  [  3865.1,    3901.8]
append   Lamb          MicroBenches    0  1  7000000     mean:    4495.9  [  4453.5,    4538.2]
append   Lamb          MicroBenches    0  1  8000000     mean:    5687.6  [  5662.2,    5712.9]
append   Lamb          MicroBenches    0  1  9000000     mean:    6103.2  [  6045.0,    6161.4]
append   LambUncached  MicroBenches    0  1  10000000    mean:    5345.9  [  5277.5,    5414.3]
append   LambUncached  MicroBenches    0  1  1000000     mean:     480.0  [   472.1,     487.9]
append   LambUncached  MicroBenches    0  1  11000000    mean:    7141.2  [  7115.3,    7167.2]
append   LambUncached  MicroBenches    0  1  12000000    mean:    7730.9  [  7708.2,    7753.6]
append   LambUncached  MicroBenches    0  1  13000000    mean:    8374.5  [  8292.7,    8456.4]
append   LambUncached  MicroBenches    0  1  14000000    mean:   10005.4  [  9960.5,   10050.3]
append   LambUncached  MicroBenches    0  1  15000000    mean:   10426.7  [ 10311.6,   10541.7]
append   LambUncached  MicroBenches    0  1  16000000    mean:   11013.5  [ 10873.7,   11153.2]
append   LambUncached  MicroBenches    0  1  17000000    mean:    9162.6  [  9069.9,    9255.3]
append   LambUncached  MicroBenches    0  1  18000000    mean:   11951.9  [ 11783.8,   12120.1]
append   LambUncached  MicroBenches    0  1  19000000    mean:   12541.6  [ 12416.7,   12666.5]
append   LambUncached  MicroBenches    0  1  20000000    mean:   13104.4  [ 13070.0,   13138.9]
append   LambUncached  MicroBenches    0  1  2000000     mean:    1296.1  [  1264.4,    1327.7]
append   LambUncached  MicroBenches    0  1  3000000     mean:    2001.3  [  1984.9,    2017.7]
append   LambUncached  MicroBenches    0  1  4000000     mean:    2555.4  [  2527.0,    2583.7]
append   LambUncached  MicroBenches    0  1  5000000     mean:    3473.4  [  3416.6,    3530.3]
append   LambUncached  MicroBenches    0  1  6000000     mean:    3900.2  [  3864.6,    3935.9]
append   LambUncached  MicroBenches    0  1  7000000     mean:    4498.3  [  4469.2,    4527.4]
append   LambUncached  MicroBenches    0  1  8000000     mean:    5732.0  [  5675.9,    5788.0]
append   LambUncached  MicroBenches    0  1  9000000     mean:    6113.6  [  6087.2,    6140.0]
append   MLton         MicroBenches    0  1  10000000    mean:    1554.9  [  1550.1,    1559.7]
append   MLton         MicroBenches    0  1  1000000     mean:     203.3  [   202.1,     204.5]
append   MLton         MicroBenches    0  1  11000000    mean:    1699.2  [  1690.5,    1707.9]
append   MLton         MicroBenches    0  1  12000000    mean:    1862.7  [  1859.3,    1866.0]
append   MLton         MicroBenches    0  1  13000000    mean:    2006.0  [  1993.4,    2018.7]
append   MLton         MicroBenches    0  1  14000000    mean:    2446.2  [  2425.8,    2466.5]
append   MLton         MicroBenches    0  1  15000000    mean:    2632.1  [  2627.8,    2636.5]
append   MLton         MicroBenches    0  1  16000000    mean:    2837.5  [  2813.6,    2861.4]
append   MLton         MicroBenches    0  1  17000000    mean:    1138.3  [  1136.8,    1139.9]
append   MLton         MicroBenches    0  1  18000000    mean:    1172.7  [  1169.2,    1176.2]
append   MLton         MicroBenches    0  1  19000000    mean:    1204.3  [  1202.3,    1206.2]
append   MLton         MicroBenches    0  1  20000000    mean:    1237.3  [  1235.7,    1238.9]
append   MLton         MicroBenches    0  1  2000000     mean:     424.0  [   420.9,     427.0]
append   MLton         MicroBenches    0  1  3000000     mean:     171.7  [   171.4,     171.9]
append   MLton         MicroBenches    0  1  4000000     mean:     251.4  [   250.8,     252.0]
append   MLton         MicroBenches    0  1  5000000     mean:     288.4  [   287.9,     288.8]
append   MLton         MicroBenches    0  1  6000000     mean:     324.3  [   323.5,     325.1]
append   MLton         MicroBenches    0  1  7000000     mean:    1265.8  [  1261.4,    1270.1]
append   MLton         MicroBenches    0  1  8000000     mean:    1331.5  [  1328.1,    1335.0]
append   MLton         MicroBenches    0  1  9000000     mean:    1383.2  [  1378.4,    1388.0]
append   OCaml         MicroBenches    0  1  10000000    mean:    7504.7  [  7495.4,    7513.9]
append   OCaml         MicroBenches    0  1  1000000     mean:     250.3  [   247.8,     252.9]
append   OCaml         MicroBenches    0  1  11000000    mean:    9126.3  [  9120.0,    9132.6]
append   OCaml         MicroBenches    0  1  12000000    mean:   10610.3  [ 10601.2,   10619.3]
append   OCaml         MicroBenches    0  1  13000000    mean:   11695.3  [ 11687.0,   11703.6]
append   OCaml         MicroBenches    0  1  14000000    mean:   13445.0  [ 13437.0,   13453.0]
append   OCaml         MicroBenches    0  1  15000000    mean:   15628.0  [ 15618.7,   15637.3]
append   OCaml         MicroBenches    0  1  16000000    mean:   17527.9  [ 17512.5,   17543.3]
append   OCaml         MicroBenches    0  1  17000000    mean:   19523.4  [ 19512.6,   19534.2]
append   OCaml         MicroBenches    0  1  18000000    mean:   21131.2  [ 21116.7,   21145.6]
append   OCaml         MicroBenches    0  1  19000000    mean:   23442.0  [ 23432.4,   23451.6]
append   OCaml         MicroBenches    0  1  20000000    mean:   25859.5  [ 25846.1,   25873.0]
append   OCaml         MicroBenches    0  1  2000000     mean:     592.0  [   590.5,     593.5]
append   OCaml         MicroBenches    0  1  3000000     mean:    1058.6  [  1056.5,    1060.8]
append   OCaml         MicroBenches    0  1  4000000     mean:    1610.5  [  1608.1,    1612.9]
append   OCaml         MicroBenches    0  1  5000000     mean:    2370.0  [  2368.4,    2371.5]
append   OCaml         MicroBenches    0  1  6000000     mean:    3066.5  [  3064.1,    3068.9]
append   OCaml         MicroBenches    0  1  7000000     mean:    4201.8  [  4196.4,    4207.2]
append   OCaml         MicroBenches    0  1  8000000     mean:    5234.6  [  5230.8,    5238.4]
append   OCaml         MicroBenches    0  1  9000000     mean:    6187.7  [  6184.1,    6191.4]
append   Pycket        MicroBenches    0  1  10000000    mean:    5428.5  [  5415.0,    5442.0]
append   Pycket        MicroBenches    0  1  1000000     mean:     407.3  [   406.1,     408.5]
append   Pycket        MicroBenches    0  1  11000000    mean:    5963.8  [  5926.2,    6001.4]
append   Pycket        MicroBenches    0  1  12000000    mean:    6368.8  [  6340.7,    6396.9]
append   Pycket        MicroBenches    0  1  13000000    mean:    6781.0  [  6740.5,    6821.5]
append   Pycket        MicroBenches    0  1  14000000    mean:    7139.6  [  7097.3,    7181.9]
append   Pycket        MicroBenches    0  1  15000000    mean:    7623.9  [  7559.1,    7688.7]
append   Pycket        MicroBenches    0  1  16000000    mean:    7965.4  [  7859.1,    8071.7]
append   Pycket        MicroBenches    0  1  17000000    mean:    8345.5  [  8188.7,    8502.3]
append   Pycket        MicroBenches    0  1  18000000    mean:    8805.5  [  8760.4,    8850.6]
append   Pycket        MicroBenches    0  1  19000000    mean:   12451.2  [ 12283.7,   12618.7]
append   Pycket        MicroBenches    0  1  20000000    mean:   14795.8  [ 14541.1,   15050.5]
append   Pycket        MicroBenches    0  1  2000000     mean:     475.9  [   470.7,     481.1]
append   Pycket        MicroBenches    0  1  3000000     mean:    2123.7  [  2110.2,    2137.2]
append   Pycket        MicroBenches    0  1  4000000     mean:    1815.9  [  1809.0,    1822.8]
append   Pycket        MicroBenches    0  1  5000000     mean:    1304.1  [  1299.4,    1308.8]
append   Pycket        MicroBenches    0  1  6000000     mean:    2986.1  [  2957.7,    3014.5]
append   Pycket        MicroBenches    0  1  7000000     mean:    3519.8  [  3497.5,    3542.1]
append   Pycket        MicroBenches    0  1  8000000     mean:    5403.1  [  5345.1,    5461.1]
append   Pycket        MicroBenches    0  1  9000000     mean:    5749.7  [  5727.9,    5771.5]
append   Racket        MicroBenches    0  1  10000000    mean:    5511.7  [  5437.0,    5586.4]
append   Racket        MicroBenches    0  1  1000000     mean:     404.7  [   402.6,     406.8]
append   Racket        MicroBenches    0  1  11000000    mean:    6015.1  [  5936.8,    6093.4]
append   Racket        MicroBenches    0  1  12000000    mean:    6436.7  [  6283.6,    6589.8]
append   Racket        MicroBenches    0  1  13000000    mean:    6821.1  [  6771.6,    6870.6]
append   Racket        MicroBenches    0  1  14000000    mean:    7183.8  [  7138.7,    7228.9]
append   Racket        MicroBenches    0  1  15000000    mean:    7622.3  [  7582.4,    7662.2]
append   Racket        MicroBenches    0  1  16000000    mean:    7885.6  [  7838.4,    7932.8]
append   Racket        MicroBenches    0  1  17000000    mean:    8306.8  [  8255.7,    8357.9]
append   Racket        MicroBenches    0  1  18000000    mean:    8846.8  [  8783.9,    8909.7]
append   Racket        MicroBenches    0  1  19000000    mean:   12373.4  [ 12263.6,   12483.2]
append   Racket        MicroBenches    0  1  20000000    mean:   14840.6  [ 14481.7,   15199.5]
append   Racket        MicroBenches    0  1  2000000     mean:     478.5  [   474.9,     482.1]
append   Racket        MicroBenches    0  1  3000000     mean:    2140.3  [  2103.6,    2177.0]
append   Racket        MicroBenches    0  1  4000000     mean:    1800.5  [  1789.8,    1811.2]
append   Racket        MicroBenches    0  1  5000000     mean:    1297.8  [  1289.9,    1305.7]
append   Racket        MicroBenches    0  1  6000000     mean:    2967.7  [  2937.4,    2998.0]
append   Racket        MicroBenches    0  1  7000000     mean:    3520.3  [  3479.5,    3561.1]
append   Racket        MicroBenches    0  1  8000000     mean:    5354.5  [  5324.2,    5384.8]
append   Racket        MicroBenches    0  1  9000000     mean:    5727.5  [  5671.5,    5783.5]
append   SMLNJ         MicroBenches    0  1  10000000    mean:  146526.0  [146132.3,  146919.6]
append   SMLNJ         MicroBenches    0  1  1000000     mean:    1076.9  [  1058.8,    1095.0]
append   SMLNJ         MicroBenches    0  1  11000000    mean:  179661.6  [179306.4,  180016.8]
append   SMLNJ         MicroBenches    0  1  12000000    mean:  220661.4  [220272.2,  221050.6]
append   SMLNJ         MicroBenches    0  1  13000000    mean:  263839.7  [263406.8,  264272.6]
append   SMLNJ         MicroBenches    0  1  14000000    mean:  307285.6  [306687.1,  307884.1]
append   SMLNJ         MicroBenches    0  1  15000000    mean:  358929.6  [358333.8,  359525.4]
append   SMLNJ         MicroBenches    0  1  16000000    mean:  412478.6  [405092.8,  419864.3]
append   SMLNJ         MicroBenches    0  1  17000000    mean:  467772.0  [466933.9,  468610.2]
append   SMLNJ         MicroBenches    0  1  18000000    mean:  534413.4  [528667.6,  540159.2]
append   SMLNJ         MicroBenches    0  1  19000000    mean:  593333.9  [591787.2,  594880.6]
append   SMLNJ         MicroBenches    0  1  20000000    mean:  664737.9  [662924.0,  666551.9]
append   SMLNJ         MicroBenches    0  1  2000000     mean:    2008.5  [  1978.2,    2038.9]
append   SMLNJ         MicroBenches    0  1  3000000     mean:    4111.9  [  4064.0,    4159.7]
append   SMLNJ         MicroBenches    0  1  4000000     mean:    5227.1  [  5178.0,    5276.2]
append   SMLNJ         MicroBenches    0  1  5000000     mean:   14851.3  [ 14760.5,   14942.2]
append   SMLNJ         MicroBenches    0  1  6000000     mean:   31593.2  [ 31473.9,   31712.5]
append   SMLNJ         MicroBenches    0  1  7000000     mean:   54477.0  [ 54290.4,   54663.6]
append   SMLNJ         MicroBenches    0  1  8000000     mean:   83839.2  [ 83674.1,   84004.4]
append   SMLNJ         MicroBenches    0  1  9000000     mean:  114023.9  [113849.5,  114198.3]
filter   Lamb          MicroBenches    0  1  10000000    mean:    5641.2  [  5614.9,    5667.4]
filter   Lamb          MicroBenches    0  1  1000000     mean:     554.4  [   545.7,     563.1]
filter   Lamb          MicroBenches    0  1  11000000    mean:    6404.4  [  6361.0,    6447.8]
filter   Lamb          MicroBenches    0  1  12000000    mean:    6496.0  [  6476.5,    6515.5]
filter   Lamb          MicroBenches    0  1  13000000    mean:    7043.2  [  6994.7,    7091.7]
filter   Lamb          MicroBenches    0  1  14000000    mean:    7536.5  [  7497.7,    7575.3]
filter   Lamb          MicroBenches    0  1  15000000    mean:    8676.9  [  8639.2,    8714.7]
filter   Lamb          MicroBenches    0  1  16000000    mean:    9168.2  [  9061.7,    9274.7]
filter   Lamb          MicroBenches    0  1  17000000    mean:    9625.4  [  9594.5,    9656.3]
filter   Lamb          MicroBenches    0  1  18000000    mean:   10189.8  [ 10047.1,   10332.6]
filter   Lamb          MicroBenches    0  1  19000000    mean:   11189.9  [ 11128.7,   11251.1]
filter   Lamb          MicroBenches    0  1  20000000    mean:   10953.1  [ 10851.7,   11054.5]
filter   Lamb          MicroBenches    0  1  2000000     mean:     987.3  [   979.0,     995.5]
filter   Lamb          MicroBenches    0  1  3000000     mean:    1755.3  [  1745.8,    1764.8]
filter   Lamb          MicroBenches    0  1  4000000     mean:    2165.7  [  2131.2,    2200.2]
filter   Lamb          MicroBenches    0  1  5000000     mean:    2883.0  [  2859.7,    2906.3]
filter   Lamb          MicroBenches    0  1  6000000     mean:    3499.0  [  3470.3,    3527.7]
filter   Lamb          MicroBenches    0  1  7000000     mean:    3753.8  [  3741.3,    3766.3]
filter   Lamb          MicroBenches    0  1  8000000     mean:    4644.7  [  4625.6,    4663.8]
filter   Lamb          MicroBenches    0  1  9000000     mean:    5159.9  [  5130.5,    5189.3]
filter   LambUncached  MicroBenches    0  1  10000000    mean:    5702.8  [  5640.3,    5765.2]
filter   LambUncached  MicroBenches    0  1  1000000     mean:     547.6  [   540.3,     554.9]
filter   LambUncached  MicroBenches    0  1  11000000    mean:    6420.4  [  6388.5,    6452.3]
filter   LambUncached  MicroBenches    0  1  12000000    mean:    6574.4  [  6476.4,    6672.5]
filter   LambUncached  MicroBenches    0  1  13000000    mean:    7068.8  [  6989.5,    7148.2]
filter   LambUncached  MicroBenches    0  1  14000000    mean:    7613.7  [  7495.5,    7731.8]
filter   LambUncached  MicroBenches    0  1  15000000    mean:    8668.5  [  8634.9,    8702.2]
filter   LambUncached  MicroBenches    0  1  16000000    mean:    9164.2  [  9139.6,    9188.7]
filter   LambUncached  MicroBenches    0  1  17000000    mean:    9733.0  [  9606.1,    9859.9]
filter   LambUncached  MicroBenches    0  1  18000000    mean:   10715.5  [ 10520.5,   10910.4]
filter   LambUncached  MicroBenches    0  1  19000000    mean:   11336.7  [ 11155.6,   11517.9]
filter   LambUncached  MicroBenches    0  1  20000000    mean:   10988.7  [ 10823.5,   11153.9]
filter   LambUncached  MicroBenches    0  1  2000000     mean:    1008.1  [   986.6,    1029.5]
filter   LambUncached  MicroBenches    0  1  3000000     mean:    1754.1  [  1743.9,    1764.3]
filter   LambUncached  MicroBenches    0  1  4000000     mean:    2155.3  [  2136.5,    2174.1]
filter   LambUncached  MicroBenches    0  1  5000000     mean:    2870.2  [  2850.4,    2889.9]
filter   LambUncached  MicroBenches    0  1  6000000     mean:    3501.8  [  3478.7,    3524.9]
filter   LambUncached  MicroBenches    0  1  7000000     mean:    3788.6  [  3745.7,    3831.5]
filter   LambUncached  MicroBenches    0  1  8000000     mean:    4651.5  [  4619.6,    4683.4]
filter   LambUncached  MicroBenches    0  1  9000000     mean:    5170.3  [  5141.0,    5199.7]
filter   MLton         MicroBenches    0  1  10000000    mean:    1032.3  [  1030.9,    1033.7]
filter   MLton         MicroBenches    0  1  1000000     mean:      63.5  [    63.3,      63.8]
filter   MLton         MicroBenches    0  1  11000000    mean:    1063.3  [  1061.5,    1065.1]
filter   MLton         MicroBenches    0  1  12000000    mean:    1102.0  [  1099.6,    1104.3]
filter   MLton         MicroBenches    0  1  13000000    mean:    1129.3  [  1126.1,    1132.5]
filter   MLton         MicroBenches    0  1  14000000    mean:    1668.9  [  1664.5,    1673.4]
filter   MLton         MicroBenches    0  1  15000000    mean:    1785.2  [  1782.2,    1788.2]
filter   MLton         MicroBenches    0  1  16000000    mean:    2003.1  [  1974.0,    2032.2]
filter   MLton         MicroBenches    0  1  17000000    mean:    1991.0  [  1983.2,    1998.8]
filter   MLton         MicroBenches    0  1  18000000    mean:    2207.9  [  2204.5,    2211.2]
filter   MLton         MicroBenches    0  1  19000000    mean:    2320.2  [  2314.9,    2325.4]
filter   MLton         MicroBenches    0  1  20000000    mean:    2472.1  [  2465.5,    2478.6]
filter   MLton         MicroBenches    0  1  2000000     mean:     264.2  [   263.8,     264.6]
filter   MLton         MicroBenches    0  1  3000000     mean:     168.7  [   168.4,     169.0]
filter   MLton         MicroBenches    0  1  4000000     mean:     253.3  [   252.9,     253.6]
filter   MLton         MicroBenches    0  1  5000000     mean:     294.0  [   293.1,     294.9]
filter   MLton         MicroBenches    0  1  6000000     mean:     323.3  [   322.6,     324.1]
filter   MLton         MicroBenches    0  1  7000000     mean:     464.1  [   462.8,     465.3]
filter   MLton         MicroBenches    0  1  8000000     mean:     500.2  [   498.5,     501.8]
filter   MLton         MicroBenches    0  1  9000000     mean:     988.4  [   986.5,     990.3]
filter   OCaml         MicroBenches    0  1  10000000    mean:    3157.9  [  3152.8,    3162.9]
filter   OCaml         MicroBenches    0  1  1000000     mean:     154.0  [   151.8,     156.2]
filter   OCaml         MicroBenches    0  1  11000000    mean:    3637.5  [  3626.7,    3648.3]
filter   OCaml         MicroBenches    0  1  12000000    mean:    3778.1  [  3772.3,    3783.9]
filter   OCaml         MicroBenches    0  1  13000000    mean:    4334.3  [  4326.7,    4341.8]
filter   OCaml         MicroBenches    0  1  14000000    mean:    5415.8  [  5408.0,    5423.5]
filter   OCaml         MicroBenches    0  1  15000000    mean:    6028.7  [  6016.1,    6041.4]
filter   OCaml         MicroBenches    0  1  16000000    mean:    6621.0  [  6613.6,    6628.4]
filter   OCaml         MicroBenches    0  1  17000000    mean:    6914.4  [  6910.7,    6918.1]
filter   OCaml         MicroBenches    0  1  18000000    mean:    7666.0  [  7657.9,    7674.2]
filter   OCaml         MicroBenches    0  1  19000000    mean:    8325.0  [  8312.6,    8337.5]
filter   OCaml         MicroBenches    0  1  20000000    mean:    9984.2  [  9969.4,    9998.9]
filter   OCaml         MicroBenches    0  1  2000000     mean:     274.1  [   273.1,     275.1]
filter   OCaml         MicroBenches    0  1  3000000     mean:     452.8  [   450.9,     454.6]
filter   OCaml         MicroBenches    0  1  4000000     mean:     701.6  [   698.4,     704.8]
filter   OCaml         MicroBenches    0  1  5000000     mean:    1099.4  [  1096.3,    1102.5]
filter   OCaml         MicroBenches    0  1  6000000     mean:    1254.5  [  1252.9,    1256.2]
filter   OCaml         MicroBenches    0  1  7000000     mean:    1811.8  [  1804.6,    1819.1]
filter   OCaml         MicroBenches    0  1  8000000     mean:    1976.8  [  1972.8,    1980.9]
filter   OCaml         MicroBenches    0  1  9000000     mean:    2384.0  [  2379.7,    2388.4]
filter   Pycket        MicroBenches    0  1  10000000    mean:    4380.9  [  4357.9,    4403.9]
filter   Pycket        MicroBenches    0  1  1000000     mean:     270.0  [   268.1,     271.9]
filter   Pycket        MicroBenches    0  1  11000000    mean:    4724.8  [  4707.2,    4742.4]
filter   Pycket        MicroBenches    0  1  12000000    mean:    5048.2  [  5036.6,    5059.8]
filter   Pycket        MicroBenches    0  1  13000000    mean:    5481.0  [  5465.1,    5496.9]
filter   Pycket        MicroBenches    0  1  14000000    mean:    5915.8  [  5900.1,    5931.5]
filter   Pycket        MicroBenches    0  1  15000000    mean:    8444.7  [  8354.4,    8535.0]
filter   Pycket        MicroBenches    0  1  16000000    mean:    8799.1  [  8713.0,    8885.2]
filter   Pycket        MicroBenches    0  1  17000000    mean:    9286.5  [  9262.2,    9310.8]
filter   Pycket        MicroBenches    0  1  18000000    mean:    9541.3  [  9502.6,    9580.0]
filter   Pycket        MicroBenches    0  1  19000000    mean:    8533.7  [  8504.2,    8563.2]
filter   Pycket        MicroBenches    0  1  20000000    mean:    8807.5  [  8765.6,    8849.4]
filter   Pycket        MicroBenches    0  1  2000000     mean:     729.7  [   727.8,     731.6]
filter   Pycket        MicroBenches    0  1  3000000     mean:    1303.4  [  1294.1,    1312.7]
filter   Pycket        MicroBenches    0  1  4000000     mean:    1701.4  [  1680.7,    1722.1]
filter   Pycket        MicroBenches    0  1  5000000     mean:    2147.3  [  2136.9,    2157.7]
filter   Pycket        MicroBenches    0  1  6000000     mean:    2439.9  [  2433.2,    2446.6]
filter   Pycket        MicroBenches    0  1  7000000     mean:    3868.1  [  3830.4,    3905.8]
filter   Pycket        MicroBenches    0  1  8000000     mean:    3603.8  [  3586.0,    3621.6]
filter   Pycket        MicroBenches    0  1  9000000     mean:    4072.2  [  4058.1,    4086.3]
filter   Racket        MicroBenches    0  1  10000000    mean:    4369.8  [  4341.2,    4398.4]
filter   Racket        MicroBenches    0  1  1000000     mean:     271.7  [   269.4,     274.0]
filter   Racket        MicroBenches    0  1  11000000    mean:    4735.9  [  4720.0,    4751.8]
filter   Racket        MicroBenches    0  1  12000000    mean:    5056.6  [  5039.7,    5073.5]
filter   Racket        MicroBenches    0  1  13000000    mean:    5473.8  [  5448.8,    5498.8]
filter   Racket        MicroBenches    0  1  14000000    mean:    5940.7  [  5921.9,    5959.5]
filter   Racket        MicroBenches    0  1  15000000    mean:    8440.6  [  8402.6,    8478.6]
filter   Racket        MicroBenches    0  1  16000000    mean:    8711.2  [  8672.5,    8749.9]
filter   Racket        MicroBenches    0  1  17000000    mean:    9314.8  [  9278.9,    9350.7]
filter   Racket        MicroBenches    0  1  18000000    mean:    9567.9  [  9543.8,    9592.0]
filter   Racket        MicroBenches    0  1  19000000    mean:    8532.1  [  8502.7,    8561.5]
filter   Racket        MicroBenches    0  1  20000000    mean:    8819.4  [  8795.4,    8843.4]
filter   Racket        MicroBenches    0  1  2000000     mean:     734.2  [   727.9,     740.5]
filter   Racket        MicroBenches    0  1  3000000     mean:    1304.3  [  1296.8,    1311.8]
filter   Racket        MicroBenches    0  1  4000000     mean:    1692.5  [  1683.3,    1701.7]
filter   Racket        MicroBenches    0  1  5000000     mean:    2149.7  [  2138.3,    2161.1]
filter   Racket        MicroBenches    0  1  6000000     mean:    2441.1  [  2431.4,    2450.8]
filter   Racket        MicroBenches    0  1  7000000     mean:    3862.3  [  3841.5,    3883.1]
filter   Racket        MicroBenches    0  1  8000000     mean:    3632.2  [  3621.1,    3643.3]
filter   Racket        MicroBenches    0  1  9000000     mean:    4069.3  [  4051.8,    4086.8]
filter   SMLNJ         MicroBenches    0  1  10000000    mean:   20811.7  [ 20704.6,   20918.8]
filter   SMLNJ         MicroBenches    0  1  1000000     mean:     374.4  [   365.5,     383.3]
filter   SMLNJ         MicroBenches    0  1  11000000    mean:   27435.3  [ 27308.4,   27562.2]
filter   SMLNJ         MicroBenches    0  1  12000000    mean:   33266.5  [ 33187.5,   33345.4]
filter   SMLNJ         MicroBenches    0  1  13000000    mean:   40022.9  [ 39841.2,   40204.7]
filter   SMLNJ         MicroBenches    0  1  14000000    mean:   48839.9  [ 48771.7,   48908.0]
filter   SMLNJ         MicroBenches    0  1  15000000    mean:   56793.6  [ 56611.3,   56975.8]
filter   SMLNJ         MicroBenches    0  1  16000000    mean:   67353.4  [ 67065.3,   67641.5]
filter   SMLNJ         MicroBenches    0  1  17000000    mean:   75395.1  [ 75292.6,   75497.7]
filter   SMLNJ         MicroBenches    0  1  18000000    mean:   88447.1  [ 88261.1,   88633.2]
filter   SMLNJ         MicroBenches    0  1  19000000    mean:  100623.9  [100040.3,  101207.4]
filter   SMLNJ         MicroBenches    0  1  20000000    mean:  112019.0  [111839.4,  112198.6]
filter   SMLNJ         MicroBenches    0  1  2000000     mean:     863.3  [   847.4,     879.1]
filter   SMLNJ         MicroBenches    0  1  3000000     mean:    1474.1  [  1438.1,    1510.1]
filter   SMLNJ         MicroBenches    0  1  4000000     mean:    2988.6  [  2925.4,    3051.8]
filter   SMLNJ         MicroBenches    0  1  5000000     mean:    2916.6  [  2869.2,    2963.9]
filter   SMLNJ         MicroBenches    0  1  6000000     mean:    3857.8  [  3815.5,    3900.2]
filter   SMLNJ         MicroBenches    0  1  7000000     mean:    4804.3  [  4771.1,    4837.5]
filter   SMLNJ         MicroBenches    0  1  8000000     mean:    9922.2  [  9869.9,    9974.5]
filter   SMLNJ         MicroBenches    0  1  9000000     mean:   15781.4  [ 15683.5,   15879.2]
map      Lamb          MicroBenches    0  1  10000000    mean:    4532.3  [  4483.7,    4580.9]
map      Lamb          MicroBenches    0  1  1000000     mean:     346.8  [   339.6,     354.1]
map      Lamb          MicroBenches    0  1  11000000    mean:    3955.0  [  3938.9,    3971.2]
map      Lamb          MicroBenches    0  1  12000000    mean:    5195.1  [  5157.4,    5232.8]
map      Lamb          MicroBenches    0  1  13000000    mean:    5620.4  [  5528.4,    5712.3]
map      Lamb          MicroBenches    0  1  14000000    mean:    6001.6  [  5947.5,    6055.7]
map      Lamb          MicroBenches    0  1  15000000    mean:    7063.2  [  6974.8,    7151.7]
map      Lamb          MicroBenches    0  1  16000000    mean:    7403.7  [  7348.9,    7458.4]
map      Lamb          MicroBenches    0  1  17000000    mean:    7776.9  [  7743.8,    7810.0]
map      Lamb          MicroBenches    0  1  18000000    mean:    8167.3  [  8071.3,    8263.3]
map      Lamb          MicroBenches    0  1  19000000    mean:    6929.6  [  6846.8,    7012.5]
map      Lamb          MicroBenches    0  1  20000000    mean:    7190.8  [  7171.7,    7210.0]
map      Lamb          MicroBenches    0  1  2000000     mean:     948.1  [   940.7,     955.4]
map      Lamb          MicroBenches    0  1  3000000     mean:    1347.3  [  1335.9,    1358.6]
map      Lamb          MicroBenches    0  1  4000000     mean:    1733.3  [  1711.7,    1754.9]
map      Lamb          MicroBenches    0  1  5000000     mean:    2326.5  [  2306.4,    2346.7]
map      Lamb          MicroBenches    0  1  6000000     mean:    2233.7  [  2214.6,    2252.9]
map      Lamb          MicroBenches    0  1  7000000     mean:    3021.4  [  2990.0,    3052.8]
map      Lamb          MicroBenches    0  1  8000000     mean:    3428.6  [  3374.8,    3482.4]
map      Lamb          MicroBenches    0  1  9000000     mean:    4139.9  [  4121.6,    4158.1]
map      LambUncached  MicroBenches    0  1  10000000    mean:    4561.1  [  4498.0,    4624.2]
map      LambUncached  MicroBenches    0  1  1000000     mean:     336.4  [   335.6,     337.3]
map      LambUncached  MicroBenches    0  1  11000000    mean:    3965.0  [  3923.9,    4006.2]
map      LambUncached  MicroBenches    0  1  12000000    mean:    5201.5  [  5173.1,    5229.9]
map      LambUncached  MicroBenches    0  1  13000000    mean:    5579.9  [  5559.2,    5600.7]
map      LambUncached  MicroBenches    0  1  14000000    mean:    6026.4  [  5971.8,    6080.9]
map      LambUncached  MicroBenches    0  1  15000000    mean:    7026.4  [  6994.1,    7058.8]
map      LambUncached  MicroBenches    0  1  16000000    mean:    7428.5  [  7339.6,    7517.3]
map      LambUncached  MicroBenches    0  1  17000000    mean:    7780.1  [  7751.1,    7809.1]
map      LambUncached  MicroBenches    0  1  18000000    mean:    8114.9  [  8093.8,    8136.0]
map      LambUncached  MicroBenches    0  1  19000000    mean:    6873.2  [  6855.2,    6891.2]
map      LambUncached  MicroBenches    0  1  20000000    mean:    7218.5  [  7172.4,    7264.5]
map      LambUncached  MicroBenches    0  1  2000000     mean:     947.7  [   940.3,     955.1]
map      LambUncached  MicroBenches    0  1  3000000     mean:    1351.3  [  1340.3,    1362.3]
map      LambUncached  MicroBenches    0  1  4000000     mean:    1727.7  [  1706.9,    1748.5]
map      LambUncached  MicroBenches    0  1  5000000     mean:    2329.7  [  2287.3,    2372.2]
map      LambUncached  MicroBenches    0  1  6000000     mean:    2227.7  [  2214.6,    2240.9]
map      LambUncached  MicroBenches    0  1  7000000     mean:    3005.4  [  2989.3,    3021.5]
map      LambUncached  MicroBenches    0  1  8000000     mean:    3422.2  [  3373.9,    3470.5]
map      LambUncached  MicroBenches    0  1  9000000     mean:    4151.5  [  4127.2,    4175.8]
map      MLton         MicroBenches    0  1  10000000    mean:    1674.6  [  1671.6,    1677.7]
map      MLton         MicroBenches    0  1  1000000     mean:     196.2  [   194.9,     197.4]
map      MLton         MicroBenches    0  1  11000000    mean:    1796.7  [  1793.6,    1799.7]
map      MLton         MicroBenches    0  1  12000000    mean:    1930.4  [  1927.7,    1933.0]
map      MLton         MicroBenches    0  1  13000000    mean:    2060.2  [  2056.2,    2064.2]
map      MLton         MicroBenches    0  1  14000000    mean:    2590.3  [  2580.8,    2599.8]
map      MLton         MicroBenches    0  1  15000000    mean:    2723.4  [  2717.5,    2729.3]
map      MLton         MicroBenches    0  1  16000000    mean:    2856.6  [  2848.7,    2864.4]
map      MLton         MicroBenches    0  1  17000000    mean:    2981.2  [  2977.7,    2984.6]
map      MLton         MicroBenches    0  1  18000000    mean:    3115.7  [  3111.7,    3119.7]
map      MLton         MicroBenches    0  1  19000000    mean:    3259.9  [  3252.0,    3267.8]
map      MLton         MicroBenches    0  1  20000000    mean:    3403.3  [  3385.3,    3421.2]
map      MLton         MicroBenches    0  1  2000000     mean:     396.0  [   395.0,     396.9]
map      MLton         MicroBenches    0  1  3000000     mean:     287.9  [   287.3,     288.6]
map      MLton         MicroBenches    0  1  4000000     mean:     447.7  [   446.6,     448.8]
map      MLton         MicroBenches    0  1  5000000     mean:     511.4  [   508.8,     513.9]
map      MLton         MicroBenches    0  1  6000000     mean:     572.1  [   571.0,     573.2]
map      MLton         MicroBenches    0  1  7000000     mean:    1265.4  [  1263.3,    1267.4]
map      MLton         MicroBenches    0  1  8000000     mean:    1403.2  [  1400.9,    1405.5]
map      MLton         MicroBenches    0  1  9000000     mean:    1530.0  [  1527.5,    1532.5]
map      OCaml         MicroBenches    0  1  10000000    mean:   10507.7  [ 10496.6,   10518.8]
map      OCaml         MicroBenches    0  1  1000000     mean:     327.2  [   319.0,     335.4]
map      OCaml         MicroBenches    0  1  11000000    mean:   12714.5  [ 12706.1,   12722.8]
map      OCaml         MicroBenches    0  1  12000000    mean:   14355.1  [ 14339.2,   14371.0]
map      OCaml         MicroBenches    0  1  13000000    mean:   16753.0  [ 16741.2,   16764.7]
map      OCaml         MicroBenches    0  1  14000000    mean:   19120.1  [ 19096.2,   19143.9]
map      OCaml         MicroBenches    0  1  15000000    mean:   21856.2  [ 21838.1,   21874.2]
map      OCaml         MicroBenches    0  1  16000000    mean:   24554.5  [ 24517.6,   24591.4]
map      OCaml         MicroBenches    0  1  17000000    mean:   27265.9  [ 27241.9,   27289.9]
map      OCaml         MicroBenches    0  1  18000000    mean:   30434.9  [ 30409.6,   30460.2]
map      OCaml         MicroBenches    0  1  19000000    mean:   33571.1  [ 33543.7,   33598.4]
map      OCaml         MicroBenches    0  1  20000000    mean:   37140.4  [ 37119.7,   37161.1]
map      OCaml         MicroBenches    0  1  2000000     mean:     793.5  [   791.5,     795.4]
map      OCaml         MicroBenches    0  1  3000000     mean:    1429.3  [  1421.3,    1437.3]
map      OCaml         MicroBenches    0  1  4000000     mean:    2240.9  [  2232.1,    2249.7]
map      OCaml         MicroBenches    0  1  5000000     mean:    3234.1  [  3231.0,    3237.1]
map      OCaml         MicroBenches    0  1  6000000     mean:    4340.4  [  4332.1,    4348.8]
map      OCaml         MicroBenches    0  1  7000000     mean:    5636.4  [  5632.5,    5640.3]
map      OCaml         MicroBenches    0  1  8000000     mean:    7062.1  [  7048.0,    7076.3]
map      OCaml         MicroBenches    0  1  9000000     mean:    8750.9  [  8741.0,    8760.8]
map      Pycket        MicroBenches    0  1  10000000    mean:    5491.1  [  5464.2,    5518.0]
map      Pycket        MicroBenches    0  1  1000000     mean:     299.7  [   297.5,     301.9]
map      Pycket        MicroBenches    0  1  11000000    mean:    5903.4  [  5876.3,    5930.5]
map      Pycket        MicroBenches    0  1  12000000    mean:    6320.2  [  6286.0,    6354.4]
map      Pycket        MicroBenches    0  1  13000000    mean:    6783.1  [  6750.8,    6815.4]
map      Pycket        MicroBenches    0  1  14000000    mean:    9805.7  [  9748.5,    9862.9]
map      Pycket        MicroBenches    0  1  15000000    mean:   10496.1  [ 10410.8,   10581.4]
map      Pycket        MicroBenches    0  1  16000000    mean:   11036.5  [ 10967.0,   11106.0]
map      Pycket        MicroBenches    0  1  17000000    mean:   11602.7  [ 11541.4,   11664.0]
map      Pycket        MicroBenches    0  1  18000000    mean:   12074.3  [ 12022.8,   12125.8]
map      Pycket        MicroBenches    0  1  19000000    mean:   12725.1  [ 12674.3,   12775.9]
map      Pycket        MicroBenches    0  1  20000000    mean:   13324.3  [ 13258.1,   13390.5]
map      Pycket        MicroBenches    0  1  2000000     mean:    1172.8  [  1163.2,    1182.4]
map      Pycket        MicroBenches    0  1  3000000     mean:    1428.6  [  1418.5,    1438.7]
map      Pycket        MicroBenches    0  1  4000000     mean:    2207.5  [  2195.0,    2220.0]
map      Pycket        MicroBenches    0  1  5000000     mean:    2726.1  [  2713.8,    2738.4]
map      Pycket        MicroBenches    0  1  6000000     mean:    3153.6  [  3144.1,    3163.1]
map      Pycket        MicroBenches    0  1  7000000     mean:    4797.8  [  4751.2,    4844.4]
map      Pycket        MicroBenches    0  1  8000000     mean:    5320.3  [  5298.5,    5342.1]
map      Pycket        MicroBenches    0  1  9000000     mean:    5839.6  [  5789.2,    5890.0]
map      Racket        MicroBenches    0  1  10000000    mean:    5501.8  [  5487.5,    5516.1]
map      Racket        MicroBenches    0  1  1000000     mean:     299.0  [   297.0,     301.0]
map      Racket        MicroBenches    0  1  11000000    mean:    5844.6  [  5797.9,    5891.3]
map      Racket        MicroBenches    0  1  12000000    mean:    6285.5  [  6259.5,    6311.5]
map      Racket        MicroBenches    0  1  13000000    mean:    6771.5  [  6734.7,    6808.3]
map      Racket        MicroBenches    0  1  14000000    mean:    9811.8  [  9704.3,    9919.3]
map      Racket        MicroBenches    0  1  15000000    mean:   10403.6  [ 10366.7,   10440.5]
map      Racket        MicroBenches    0  1  16000000    mean:   11017.7  [ 10965.4,   11070.0]
map      Racket        MicroBenches    0  1  17000000    mean:   11578.2  [ 11518.7,   11637.7]
map      Racket        MicroBenches    0  1  18000000    mean:   12094.4  [ 12013.9,   12174.9]
map      Racket        MicroBenches    0  1  19000000    mean:   12743.7  [ 12673.8,   12813.6]
map      Racket        MicroBenches    0  1  20000000    mean:   13354.8  [ 13282.8,   13426.8]
map      Racket        MicroBenches    0  1  2000000     mean:    1174.1  [  1163.0,    1185.2]
map      Racket        MicroBenches    0  1  3000000     mean:    1426.0  [  1417.7,    1434.3]
map      Racket        MicroBenches    0  1  4000000     mean:    2207.3  [  2196.7,    2217.9]
map      Racket        MicroBenches    0  1  5000000     mean:    2721.2  [  2711.7,    2730.7]
map      Racket        MicroBenches    0  1  6000000     mean:    3147.3  [  3135.1,    3159.5]
map      Racket        MicroBenches    0  1  7000000     mean:    4789.5  [  4749.5,    4829.5]
map      Racket        MicroBenches    0  1  8000000     mean:    5337.2  [  5300.8,    5373.6]
map      Racket        MicroBenches    0  1  9000000     mean:    5833.6  [  5769.9,    5897.3]
map      SMLNJ         MicroBenches    0  1  10000000    mean:   94045.9  [ 93280.7,   94811.1]
map      SMLNJ         MicroBenches    0  1  1000000     mean:     961.3  [   938.9,     983.6]
map      SMLNJ         MicroBenches    0  1  11000000    mean:  120593.5  [118060.4,  123126.7]
map      SMLNJ         MicroBenches    0  1  12000000    mean:  143819.0  [141634.1,  146003.9]
map      SMLNJ         MicroBenches    0  1  13000000    mean:  170764.3  [170557.9,  170970.6]
map      SMLNJ         MicroBenches    0  1  14000000    mean:  207183.3  [205527.9,  208838.8]
map      SMLNJ         MicroBenches    0  1  15000000    mean:  242842.8  [242425.6,  243260.0]
map      SMLNJ         MicroBenches    0  1  16000000    mean:  283190.9  [279545.5,  286836.3]
map      SMLNJ         MicroBenches    0  1  17000000    mean:  320200.8  [319336.5,  321065.1]
map      SMLNJ         MicroBenches    0  1  18000000    mean:  362328.2  [361647.2,  363009.2]
map      SMLNJ         MicroBenches    0  1  19000000    mean:  410672.1  [410172.0,  411172.1]
map      SMLNJ         MicroBenches    0  1  20000000    mean:  463973.8  [460570.4,  467377.2]
map      SMLNJ         MicroBenches    0  1  2000000     mean:    2585.4  [  2562.8,    2607.9]
map      SMLNJ         MicroBenches    0  1  3000000     mean:    2938.6  [  2902.0,    2975.1]
map      SMLNJ         MicroBenches    0  1  4000000     mean:    7917.7  [  7817.4,    8018.0]
map      SMLNJ         MicroBenches    0  1  5000000     mean:   16720.6  [ 16626.2,   16815.0]
map      SMLNJ         MicroBenches    0  1  6000000     mean:   27570.9  [ 27245.8,   27896.0]
map      SMLNJ         MicroBenches    0  1  7000000     mean:   39386.5  [ 39206.8,   39566.1]
map      SMLNJ         MicroBenches    0  1  8000000     mean:   54127.8  [ 53938.6,   54317.0]
map      SMLNJ         MicroBenches    0  1  9000000     mean:   71351.7  [ 71204.9,   71498.4]
reverse  Lamb          MicroBenches    0  1  10000000    mean:    1814.5  [  1797.4,    1831.6]
reverse  Lamb          MicroBenches    0  1  1000000     mean:     152.0  [   150.7,     153.3]
reverse  Lamb          MicroBenches    0  1  11000000    mean:    1695.7  [  1686.8,    1704.6]
reverse  Lamb          MicroBenches    0  1  12000000    mean:    1932.9  [  1924.0,    1941.9]
reverse  Lamb          MicroBenches    0  1  13000000    mean:    2089.7  [  2076.4,    2103.1]
reverse  Lamb          MicroBenches    0  1  14000000    mean:    2210.9  [  2207.1,    2214.8]
reverse  Lamb          MicroBenches    0  1  15000000    mean:    2997.8  [  2984.5,    3011.1]
reverse  Lamb          MicroBenches    0  1  16000000    mean:    3104.2  [  3089.8,    3118.6]
reverse  Lamb          MicroBenches    0  1  17000000    mean:    3225.8  [  3202.7,    3248.9]
reverse  Lamb          MicroBenches    0  1  18000000    mean:    3289.8  [  3278.9,    3300.7]
reverse  Lamb          MicroBenches    0  1  19000000    mean:    2953.8  [  2949.0,    2958.6]
reverse  Lamb          MicroBenches    0  1  20000000    mean:    3341.4  [  3334.4,    3348.4]
reverse  Lamb          MicroBenches    0  1  2000000     mean:     370.8  [   367.9,     373.7]
reverse  Lamb          MicroBenches    0  1  3000000     mean:     497.2  [   494.4,     500.1]
reverse  Lamb          MicroBenches    0  1  4000000     mean:     590.0  [   583.1,     597.0]
reverse  Lamb          MicroBenches    0  1  5000000     mean:     908.1  [   891.1,     925.0]
reverse  Lamb          MicroBenches    0  1  6000000     mean:     989.7  [   976.3,    1003.0]
reverse  Lamb          MicroBenches    0  1  7000000     mean:    1086.1  [  1077.1,    1095.0]
reverse  Lamb          MicroBenches    0  1  8000000     mean:    1230.9  [  1213.4,    1248.3]
reverse  Lamb          MicroBenches    0  1  9000000     mean:    1705.3  [  1693.2,    1717.4]
reverse  LambUncached  MicroBenches    0  1  10000000    mean:    1821.3  [  1793.8,    1848.8]
reverse  LambUncached  MicroBenches    0  1  1000000     mean:     153.2  [   145.5,     160.9]
reverse  LambUncached  MicroBenches    0  1  11000000    mean:    1696.9  [  1686.8,    1707.0]
reverse  LambUncached  MicroBenches    0  1  12000000    mean:    1949.3  [  1920.0,    1978.6]
reverse  LambUncached  MicroBenches    0  1  13000000    mean:    2094.5  [  2072.4,    2116.7]
reverse  LambUncached  MicroBenches    0  1  14000000    mean:    2210.5  [  2203.4,    2217.7]
reverse  LambUncached  MicroBenches    0  1  15000000    mean:    2999.0  [  2978.5,    3019.4]
reverse  LambUncached  MicroBenches    0  1  16000000    mean:    3123.8  [  3086.4,    3161.2]
reverse  LambUncached  MicroBenches    0  1  17000000    mean:    3232.6  [  3204.2,    3261.0]
reverse  LambUncached  MicroBenches    0  1  18000000    mean:    3294.6  [  3274.9,    3314.3]
reverse  LambUncached  MicroBenches    0  1  19000000    mean:    2959.4  [  2949.1,    2969.7]
reverse  LambUncached  MicroBenches    0  1  20000000    mean:    3342.6  [  3333.4,    3351.9]
reverse  LambUncached  MicroBenches    0  1  2000000     mean:     374.4  [   369.6,     379.2]
reverse  LambUncached  MicroBenches    0  1  3000000     mean:     506.4  [   493.0,     519.9]
reverse  LambUncached  MicroBenches    0  1  4000000     mean:     584.8  [   583.1,     586.6]
reverse  LambUncached  MicroBenches    0  1  5000000     mean:     896.9  [   890.6,     903.1]
reverse  LambUncached  MicroBenches    0  1  6000000     mean:     984.1  [   975.3,     992.8]
reverse  LambUncached  MicroBenches    0  1  7000000     mean:    1098.1  [  1070.2,    1125.9]
reverse  LambUncached  MicroBenches    0  1  8000000     mean:    1220.1  [  1203.9,    1236.3]
reverse  LambUncached  MicroBenches    0  1  9000000     mean:    1700.1  [  1690.4,    1709.8]
reverse  MLton         MicroBenches    0  1  10000000    mean:     255.8  [   255.1,     256.5]
reverse  MLton         MicroBenches    0  1  1000000     mean:      26.4  [    26.3,      26.4]
reverse  MLton         MicroBenches    0  1  11000000    mean:     281.3  [   280.6,     281.9]
reverse  MLton         MicroBenches    0  1  12000000    mean:     307.1  [   306.6,     307.5]
reverse  MLton         MicroBenches    0  1  13000000    mean:     330.1  [   329.6,     330.6]
reverse  MLton         MicroBenches    0  1  14000000    mean:     357.2  [   356.3,     358.2]
reverse  MLton         MicroBenches    0  1  15000000    mean:     383.4  [   381.7,     385.1]
reverse  MLton         MicroBenches    0  1  16000000    mean:     406.5  [   405.2,     407.9]
reverse  MLton         MicroBenches    0  1  17000000    mean:    1430.8  [  1424.3,    1437.2]
reverse  MLton         MicroBenches    0  1  18000000    mean:    1528.5  [  1523.3,    1533.7]
reverse  MLton         MicroBenches    0  1  19000000    mean:    1628.2  [  1610.4,    1646.1]
reverse  MLton         MicroBenches    0  1  20000000    mean:    1709.5  [  1701.0,    1717.9]
reverse  MLton         MicroBenches    0  1  2000000     mean:      52.3  [    52.0,      52.6]
reverse  MLton         MicroBenches    0  1  3000000     mean:     309.1  [   308.4,     309.9]
reverse  MLton         MicroBenches    0  1  4000000     mean:     397.6  [   393.9,     401.4]
reverse  MLton         MicroBenches    0  1  5000000     mean:     130.2  [   129.8,     130.6]
reverse  MLton         MicroBenches    0  1  6000000     mean:     154.0  [   153.4,     154.5]
reverse  MLton         MicroBenches    0  1  7000000     mean:     180.1  [   179.9,     180.4]
reverse  MLton         MicroBenches    0  1  8000000     mean:     205.7  [   205.1,     206.3]
reverse  MLton         MicroBenches    0  1  9000000     mean:     231.6  [   230.6,     232.7]
reverse  OCaml         MicroBenches    0  1  10000000    mean:    1371.6  [  1366.7,    1376.5]
reverse  OCaml         MicroBenches    0  1  1000000     mean:     116.8  [   116.3,     117.2]
reverse  OCaml         MicroBenches    0  1  11000000    mean:    1538.0  [  1527.1,    1548.9]
reverse  OCaml         MicroBenches    0  1  12000000    mean:    1615.0  [  1591.2,    1638.8]
reverse  OCaml         MicroBenches    0  1  13000000    mean:    1798.7  [  1777.2,    1820.2]
reverse  OCaml         MicroBenches    0  1  14000000    mean:    1946.7  [  1921.0,    1972.4]
reverse  OCaml         MicroBenches    0  1  15000000    mean:    2072.9  [  2050.0,    2095.8]
reverse  OCaml         MicroBenches    0  1  16000000    mean:    2166.5  [  2153.5,    2179.6]
reverse  OCaml         MicroBenches    0  1  17000000    mean:    2296.3  [  2282.3,    2310.2]
reverse  OCaml         MicroBenches    0  1  18000000    mean:    2451.9  [  2439.9,    2463.8]
reverse  OCaml         MicroBenches    0  1  19000000    mean:    2623.6  [  2584.5,    2662.8]
reverse  OCaml         MicroBenches    0  1  20000000    mean:    2750.9  [  2715.2,    2786.7]
reverse  OCaml         MicroBenches    0  1  2000000     mean:     264.7  [   256.9,     272.5]
reverse  OCaml         MicroBenches    0  1  3000000     mean:     388.0  [   382.0,     394.0]
reverse  OCaml         MicroBenches    0  1  4000000     mean:     540.3  [   532.7,     547.9]
reverse  OCaml         MicroBenches    0  1  5000000     mean:     690.4  [   681.1,     699.7]
reverse  OCaml         MicroBenches    0  1  6000000     mean:     813.9  [   798.5,     829.2]
reverse  OCaml         MicroBenches    0  1  7000000     mean:     969.9  [   953.8,     985.9]
reverse  OCaml         MicroBenches    0  1  8000000     mean:    1104.4  [  1100.7,    1108.1]
reverse  OCaml         MicroBenches    0  1  9000000     mean:    1230.8  [  1219.8,    1241.9]
reverse  Pycket        MicroBenches    0  1  10000000    mean:    1396.6  [  1379.0,    1414.2]
reverse  Pycket        MicroBenches    0  1  1000000     mean:     173.2  [   168.7,     177.7]
reverse  Pycket        MicroBenches    0  1  11000000    mean:    1540.9  [  1528.3,    1553.5]
reverse  Pycket        MicroBenches    0  1  12000000    mean:    3509.4  [  3479.0,    3539.8]
reverse  Pycket        MicroBenches    0  1  13000000    mean:    3665.1  [  3581.5,    3748.7]
reverse  Pycket        MicroBenches    0  1  14000000    mean:    3930.4  [  3896.5,    3964.3]
reverse  Pycket        MicroBenches    0  1  15000000    mean:    4085.6  [  4042.8,    4128.4]
reverse  Pycket        MicroBenches    0  1  16000000    mean:    4222.4  [  4182.8,    4262.0]
reverse  Pycket        MicroBenches    0  1  17000000    mean:    4417.6  [  4385.4,    4449.8]
reverse  Pycket        MicroBenches    0  1  18000000    mean:    4485.3  [  4393.0,    4577.6]
reverse  Pycket        MicroBenches    0  1  19000000    mean:    4639.6  [  4580.1,    4699.1]
reverse  Pycket        MicroBenches    0  1  20000000    mean:    4791.4  [  4758.6,    4824.2]
reverse  Pycket        MicroBenches    0  1  2000000     mean:     806.5  [   771.1,     841.9]
reverse  Pycket        MicroBenches    0  1  3000000     mean:     739.0  [   734.4,     743.6]
reverse  Pycket        MicroBenches    0  1  4000000     mean:     611.7  [   608.3,     615.1]
reverse  Pycket        MicroBenches    0  1  5000000     mean:    1604.2  [  1590.6,    1617.8]
reverse  Pycket        MicroBenches    0  1  6000000     mean:    1758.8  [  1738.4,    1779.2]
reverse  Pycket        MicroBenches    0  1  7000000     mean:    1773.2  [  1761.4,    1785.0]
reverse  Pycket        MicroBenches    0  1  8000000     mean:    1930.7  [  1917.9,    1943.5]
reverse  Pycket        MicroBenches    0  1  9000000     mean:    2070.1  [  2056.7,    2083.5]
reverse  Racket        MicroBenches    0  1  10000000    mean:    1398.3  [  1378.0,    1418.6]
reverse  Racket        MicroBenches    0  1  1000000     mean:     173.7  [   167.7,     179.7]
reverse  Racket        MicroBenches    0  1  11000000    mean:    1536.9  [  1529.8,    1544.0]
reverse  Racket        MicroBenches    0  1  12000000    mean:    3551.5  [  3491.8,    3611.2]
reverse  Racket        MicroBenches    0  1  13000000    mean:    3658.7  [  3633.8,    3683.6]
reverse  Racket        MicroBenches    0  1  14000000    mean:    3930.5  [  3897.5,    3963.5]
reverse  Racket        MicroBenches    0  1  15000000    mean:    4133.3  [  4051.9,    4214.7]
reverse  Racket        MicroBenches    0  1  16000000    mean:    4339.0  [  4205.5,    4472.5]
reverse  Racket        MicroBenches    0  1  17000000    mean:    4433.4  [  4405.8,    4461.0]
reverse  Racket        MicroBenches    0  1  18000000    mean:    4424.1  [  4376.4,    4471.8]
reverse  Racket        MicroBenches    0  1  19000000    mean:    4600.2  [  4558.3,    4642.1]
reverse  Racket        MicroBenches    0  1  20000000    mean:    4772.4  [  4750.9,    4793.9]
reverse  Racket        MicroBenches    0  1  2000000     mean:     783.8  [   776.7,     790.9]
reverse  Racket        MicroBenches    0  1  3000000     mean:     731.9  [   725.3,     738.5]
reverse  Racket        MicroBenches    0  1  4000000     mean:     621.7  [   599.5,     643.9]
reverse  Racket        MicroBenches    0  1  5000000     mean:    1616.8  [  1595.4,    1638.2]
reverse  Racket        MicroBenches    0  1  6000000     mean:    1765.6  [  1735.1,    1796.1]
reverse  Racket        MicroBenches    0  1  7000000     mean:    1786.6  [  1741.2,    1832.0]
reverse  Racket        MicroBenches    0  1  8000000     mean:    1942.4  [  1925.4,    1959.4]
reverse  Racket        MicroBenches    0  1  9000000     mean:    2084.8  [  2060.5,    2109.1]
reverse  SMLNJ         MicroBenches    0  1  10000000    mean:    7973.3  [  7930.5,    8016.1]
reverse  SMLNJ         MicroBenches    0  1  1000000     mean:     171.2  [   165.8,     176.6]
reverse  SMLNJ         MicroBenches    0  1  11000000    mean:    7366.9  [  7294.0,    7439.7]
reverse  SMLNJ         MicroBenches    0  1  12000000    mean:   19350.0  [ 19200.2,   19499.8]
reverse  SMLNJ         MicroBenches    0  1  13000000    mean:   21936.6  [ 21789.6,   22083.6]
reverse  SMLNJ         MicroBenches    0  1  14000000    mean:   25407.2  [ 25284.4,   25530.0]
reverse  SMLNJ         MicroBenches    0  1  15000000    mean:   16674.6  [ 16631.9,   16717.3]
reverse  SMLNJ         MicroBenches    0  1  16000000    mean:   14225.3  [ 14159.5,   14291.1]
reverse  SMLNJ         MicroBenches    0  1  17000000    mean:   37900.0  [ 37755.4,   38044.5]
reverse  SMLNJ         MicroBenches    0  1  18000000    mean:   41588.6  [ 41405.6,   41771.6]
reverse  SMLNJ         MicroBenches    0  1  19000000    mean:   46326.5  [ 46124.0,   46529.0]
reverse  SMLNJ         MicroBenches    0  1  20000000    mean:   28805.8  [ 27947.9,   29663.7]
reverse  SMLNJ         MicroBenches    0  1  2000000     mean:     561.2  [   537.3,     585.2]
reverse  SMLNJ         MicroBenches    0  1  3000000     mean:     695.2  [   678.9,     711.6]
reverse  SMLNJ         MicroBenches    0  1  4000000     mean:    1298.1  [  1268.1,    1328.1]
reverse  SMLNJ         MicroBenches    0  1  5000000     mean:    1411.3  [  1390.4,    1432.2]
reverse  SMLNJ         MicroBenches    0  1  6000000     mean:    1489.7  [  1470.4,    1509.0]
reverse  SMLNJ         MicroBenches    0  1  7000000     mean:    2340.9  [  2286.3,    2395.6]
reverse  SMLNJ         MicroBenches    0  1  8000000     mean:    3762.2  [  3727.8,    3796.6]
reverse  SMLNJ         MicroBenches    0  1  9000000     mean:   10820.7  [ 10746.7,   10894.7]
tree     Lamb          MicroBenches    0  1  10000000    mean:     150.8  [   147.9,     153.7]
tree     Lamb          MicroBenches    0  1  1000000     mean:       0.0  [     0.0,       0.0]
tree     Lamb          MicroBenches    0  1  11000000    mean:     201.2  [   195.5,     206.9]
tree     Lamb          MicroBenches    0  1  12000000    mean:     250.0  [   248.6,     251.4]
tree     Lamb          MicroBenches    0  1  13000000    mean:     371.6  [   369.2,     374.0]
tree     Lamb          MicroBenches    0  1  14000000    mean:     585.6  [   583.3,     587.9]
tree     Lamb          MicroBenches    0  1  15000000    mean:    1004.1  [   996.1,    1012.1]
tree     Lamb          MicroBenches    0  1  16000000    mean:    1958.1  [  1936.3,    1979.9]
tree     Lamb          MicroBenches    0  1  17000000    mean:    4779.9  [  4753.2,    4806.6]
tree     Lamb          MicroBenches    0  1  18000000    mean:   10277.4  [ 10146.8,   10408.1]
tree     Lamb          MicroBenches    0  1  19000000    mean:   21101.3  [ 21048.4,   21154.2]
tree     Lamb          MicroBenches    0  1  20000000    mean:   45172.8  [ 45029.2,   45316.4]
tree     Lamb          MicroBenches    0  1  2000000     mean:       0.0  [     0.0,       0.0]
tree     Lamb          MicroBenches    0  1  3000000     mean:       4.0  [     4.0,       4.0]
tree     Lamb          MicroBenches    0  1  4000000     mean:       8.0  [     8.0,       8.0]
tree     Lamb          MicroBenches    0  1  5000000     mean:      24.0  [    24.0,      24.0]
tree     Lamb          MicroBenches    0  1  6000000     mean:      48.0  [    48.0,      48.0]
tree     Lamb          MicroBenches    0  1  7000000     mean:      63.2  [    61.1,      65.3]
tree     Lamb          MicroBenches    0  1  8000000     mean:      72.0  [    72.0,      72.0]
tree     Lamb          MicroBenches    0  1  9000000     mean:     110.4  [   109.0,     111.8]
tree     LambUncached  MicroBenches    0  1  10000000    mean:     160.4  [   159.6,     161.3]
tree     LambUncached  MicroBenches    0  1  1000000     mean:       0.0  [     0.0,       0.0]
tree     LambUncached  MicroBenches    0  1  11000000    mean:     207.6  [   205.6,     209.6]
tree     LambUncached  MicroBenches    0  1  12000000    mean:     266.0  [   261.4,     270.7]
tree     LambUncached  MicroBenches    0  1  13000000    mean:     382.0  [   380.6,     383.5]
tree     LambUncached  MicroBenches    0  1  14000000    mean:     608.4  [   604.9,     611.9]
tree     LambUncached  MicroBenches    0  1  15000000    mean:    1076.1  [  1069.3,    1082.8]
tree     LambUncached  MicroBenches    0  1  16000000    mean:    2195.3  [  2177.9,    2212.8]
tree     LambUncached  MicroBenches    0  1  17000000    mean:    5256.3  [  5227.3,    5285.4]
tree     LambUncached  MicroBenches    0  1  18000000    mean:   10959.9  [ 10907.5,   11012.2]
tree     LambUncached  MicroBenches    0  1  19000000    mean:   23911.1  [ 23816.2,   24006.0]
tree     LambUncached  MicroBenches    0  1  20000000    mean:   50666.4  [ 50540.4,   50792.3]
tree     LambUncached  MicroBenches    0  1  2000000     mean:       0.0  [     0.0,       0.0]
tree     LambUncached  MicroBenches    0  1  3000000     mean:       4.0  [     4.0,       4.0]
tree     LambUncached  MicroBenches    0  1  4000000     mean:       8.0  [     8.0,       8.0]
tree     LambUncached  MicroBenches    0  1  5000000     mean:      24.0  [    24.0,      24.0]
tree     LambUncached  MicroBenches    0  1  6000000     mean:      48.0  [    48.0,      48.0]
tree     LambUncached  MicroBenches    0  1  7000000     mean:      63.6  [    62.7,      64.5]
tree     LambUncached  MicroBenches    0  1  8000000     mean:      72.4  [    71.5,      73.3]
tree     LambUncached  MicroBenches    0  1  9000000     mean:     112.0  [   112.0,     112.0]
tree     MLton         MicroBenches    0  1  10000000    mean:       5.8  [     5.7,       5.8]
tree     MLton         MicroBenches    0  1  1000000     mean:       0.0  [     0.0,       0.0]
tree     MLton         MicroBenches    0  1  11000000    mean:      13.0  [    12.9,      13.0]
tree     MLton         MicroBenches    0  1  12000000    mean:      25.9  [    25.9,      26.0]
tree     MLton         MicroBenches    0  1  13000000    mean:      47.2  [    46.6,      47.8]
tree     MLton         MicroBenches    0  1  14000000    mean:     112.1  [   111.7,     112.4]
tree     MLton         MicroBenches    0  1  15000000    mean:     238.9  [   236.0,     241.9]
tree     MLton         MicroBenches    0  1  16000000    mean:     425.9  [   422.1,     429.7]
tree     MLton         MicroBenches    0  1  17000000    mean:     938.9  [   937.9,     939.8]
tree     MLton         MicroBenches    0  1  18000000    mean:    1999.6  [  1996.6,    2002.6]
tree     MLton         MicroBenches    0  1  19000000    mean:    3773.1  [  3766.9,    3779.3]
tree     MLton         MicroBenches    0  1  20000000    mean:    8477.9  [  8466.9,    8488.9]
tree     MLton         MicroBenches    0  1  2000000     mean:       0.0  [     0.0,       0.0]
tree     MLton         MicroBenches    0  1  3000000     mean:       0.0  [     0.0,       0.1]
tree     MLton         MicroBenches    0  1  4000000     mean:       0.1  [     0.1,       0.1]
tree     MLton         MicroBenches    0  1  5000000     mean:       0.1  [     0.1,       0.1]
tree     MLton         MicroBenches    0  1  6000000     mean:       0.2  [     0.2,       0.2]
tree     MLton         MicroBenches    0  1  7000000     mean:       0.6  [     0.6,       0.7]
tree     MLton         MicroBenches    0  1  8000000     mean:       1.2  [     1.2,       1.2]
tree     MLton         MicroBenches    0  1  9000000     mean:       3.1  [     3.1,       3.1]
tree     OCaml         MicroBenches    0  1  10000000    mean:       5.6  [     5.6,       5.7]
tree     OCaml         MicroBenches    0  1  1000000     mean:       0.0  [     0.0,       0.0]
tree     OCaml         MicroBenches    0  1  11000000    mean:       8.2  [     8.1,       8.2]
tree     OCaml         MicroBenches    0  1  12000000    mean:      18.9  [    18.8,      18.9]
tree     OCaml         MicroBenches    0  1  13000000    mean:      41.5  [    41.2,      41.8]
tree     OCaml         MicroBenches    0  1  14000000    mean:     142.9  [   142.2,     143.7]
tree     OCaml         MicroBenches    0  1  15000000    mean:     357.4  [   351.5,     363.3]
tree     OCaml         MicroBenches    0  1  16000000    mean:     838.6  [   832.9,     844.3]
tree     OCaml         MicroBenches    0  1  17000000    mean:    1989.2  [  1979.4,    1999.0]
tree     OCaml         MicroBenches    0  1  18000000    mean:    4624.3  [  4593.0,    4655.6]
tree     OCaml         MicroBenches    0  1  19000000    mean:   10473.2  [ 10381.3,   10565.1]
tree     OCaml         MicroBenches    0  1  20000000    mean:   23299.0  [ 23157.2,   23440.9]
tree     OCaml         MicroBenches    0  1  2000000     mean:       0.0  [     0.0,       0.0]
tree     OCaml         MicroBenches    0  1  3000000     mean:       0.0  [     0.0,       0.0]
tree     OCaml         MicroBenches    0  1  4000000     mean:       0.1  [     0.1,       0.1]
tree     OCaml         MicroBenches    0  1  5000000     mean:       0.1  [     0.1,       0.1]
tree     OCaml         MicroBenches    0  1  6000000     mean:       0.3  [     0.3,       0.3]
tree     OCaml         MicroBenches    0  1  7000000     mean:       0.7  [     0.7,       0.7]
tree     OCaml         MicroBenches    0  1  8000000     mean:       1.6  [     1.6,       1.6]
tree     OCaml         MicroBenches    0  1  9000000     mean:       3.5  [     3.5,       3.5]
tree     Pycket        MicroBenches    0  1  10000000    mean:       4.0  [     3.7,       4.3]
tree     Pycket        MicroBenches    0  1  1000000     mean:       0.4  [     0.0,       0.8]
tree     Pycket        MicroBenches    0  1  11000000    mean:       8.6  [     8.2,       9.0]
tree     Pycket        MicroBenches    0  1  12000000    mean:      18.2  [    17.9,      18.5]
tree     Pycket        MicroBenches    0  1  13000000    mean:      47.8  [    47.4,      48.2]
tree     Pycket        MicroBenches    0  1  14000000    mean:     100.4  [    96.5,     104.3]
tree     Pycket        MicroBenches    0  1  15000000    mean:     207.0  [   200.5,     213.5]
tree     Pycket        MicroBenches    0  1  16000000    mean:     428.9  [   426.9,     430.9]
tree     Pycket        MicroBenches    0  1  17000000    mean:    1198.2  [  1182.3,    1214.1]
tree     Pycket        MicroBenches    0  1  18000000    mean:    2350.9  [  2301.1,    2400.7]
tree     Pycket        MicroBenches    0  1  19000000    mean:    5596.9  [  5566.2,    5627.6]
tree     Pycket        MicroBenches    0  1  20000000    mean:   13291.3  [ 13226.3,   13356.3]
tree     Pycket        MicroBenches    0  1  2000000     mean:       0.4  [     0.0,       0.8]
tree     Pycket        MicroBenches    0  1  3000000     mean:       0.2  [    -0.1,       0.5]
tree     Pycket        MicroBenches    0  1  4000000     mean:       0.6  [     0.2,       1.0]
tree     Pycket        MicroBenches    0  1  5000000     mean:       0.3  [    -0.0,       0.6]
tree     Pycket        MicroBenches    0  1  6000000     mean:       0.8  [     0.5,       1.1]
tree     Pycket        MicroBenches    0  1  7000000     mean:       0.9  [     0.7,       1.1]
tree     Pycket        MicroBenches    0  1  8000000     mean:       1.2  [     0.9,       1.5]
tree     Pycket        MicroBenches    0  1  9000000     mean:       2.0  [     2.0,       2.0]
tree     Racket        MicroBenches    0  1  10000000    mean:       4.0  [     4.0,       4.0]
tree     Racket        MicroBenches    0  1  1000000     mean:       0.2  [    -0.1,       0.5]
tree     Racket        MicroBenches    0  1  11000000    mean:       8.2  [     7.9,       8.5]
tree     Racket        MicroBenches    0  1  12000000    mean:      18.4  [    17.7,      19.1]
tree     Racket        MicroBenches    0  1  13000000    mean:      49.0  [    47.3,      50.7]
tree     Racket        MicroBenches    0  1  14000000    mean:      99.9  [    97.0,     102.8]
tree     Racket        MicroBenches    0  1  15000000    mean:     209.6  [   202.2,     217.0]
tree     Racket        MicroBenches    0  1  16000000    mean:     430.3  [   425.2,     435.4]
tree     Racket        MicroBenches    0  1  17000000    mean:    1191.9  [  1186.8,    1197.0]
tree     Racket        MicroBenches    0  1  18000000    mean:    2327.1  [  2301.5,    2352.7]
tree     Racket        MicroBenches    0  1  19000000    mean:    5596.8  [  5569.8,    5623.8]
tree     Racket        MicroBenches    0  1  20000000    mean:   13404.8  [ 13238.0,   13571.6]
tree     Racket        MicroBenches    0  1  2000000     mean:       0.5  [     0.1,       0.9]
tree     Racket        MicroBenches    0  1  3000000     mean:       0.5  [     0.1,       0.9]
tree     Racket        MicroBenches    0  1  4000000     mean:       0.2  [    -0.1,       0.5]
tree     Racket        MicroBenches    0  1  5000000     mean:       0.3  [    -0.0,       0.6]
tree     Racket        MicroBenches    0  1  6000000     mean:       0.5  [     0.1,       0.9]
tree     Racket        MicroBenches    0  1  7000000     mean:       0.6  [     0.2,       1.0]
tree     Racket        MicroBenches    0  1  8000000     mean:       1.0  [     1.0,       1.0]
tree     Racket        MicroBenches    0  1  9000000     mean:       2.0  [     1.7,       2.3]
tree     SMLNJ         MicroBenches    0  1  10000000    mean:       7.2  [     6.1,       8.3]
tree     SMLNJ         MicroBenches    0  1  1000000     mean:       0.0  [     0.0,       0.0]
tree     SMLNJ         MicroBenches    0  1  11000000    mean:      12.0  [    12.0,      12.0]
tree     SMLNJ         MicroBenches    0  1  12000000    mean:      20.0  [    20.0,      20.0]
tree     SMLNJ         MicroBenches    0  1  13000000    mean:      58.8  [    55.4,      62.2]
tree     SMLNJ         MicroBenches    0  1  14000000    mean:     124.8  [   119.3,     130.4]
tree     SMLNJ         MicroBenches    0  1  15000000    mean:     272.8  [   267.3,     278.4]
tree     SMLNJ         MicroBenches    0  1  16000000    mean:     888.1  [   855.5,     920.6]
tree     SMLNJ         MicroBenches    0  1  17000000    mean:    2265.7  [  2236.9,    2294.6]
tree     SMLNJ         MicroBenches    0  1  18000000    mean:    5748.4  [  5684.2,    5812.5]
tree     SMLNJ         MicroBenches    0  1  19000000    mean:   15619.4  [ 15349.2,   15889.5]
tree     SMLNJ         MicroBenches    0  1  20000000    mean:  116197.3  [115131.3,  117263.2]
tree     SMLNJ         MicroBenches    0  1  2000000     mean:       0.0  [     0.0,       0.0]
tree     SMLNJ         MicroBenches    0  1  3000000     mean:       0.0  [     0.0,       0.0]
tree     SMLNJ         MicroBenches    0  1  4000000     mean:       0.4  [    -0.5,       1.3]
tree     SMLNJ         MicroBenches    0  1  5000000     mean:       0.8  [    -0.3,       1.9]
tree     SMLNJ         MicroBenches    0  1  6000000     mean:       4.0  [     4.0,       4.0]
tree     SMLNJ         MicroBenches    0  1  7000000     mean:       4.0  [     4.0,       4.0]
tree     SMLNJ         MicroBenches    0  1  8000000     mean:       4.0  [     4.0,       4.0]
tree     SMLNJ         MicroBenches    0  1  9000000     mean:       4.0  [     4.0,       4.0]
